id,first_name,last_name,email,gender,ip_address
7f90743f-f778-4693-9c64-54d7ad1a25ee,Xena,Pottes,xpottes0@msn.com,Bigender,64.55.26.42
2f73eb30-f468-4db8-a727-fa82a392a171,Ketty,Rottgers,krottgers1@chron.com,Polygender,155.15.208.117
dfb9cddc-452c-4925-b529-c4cc412df0d9,Willie,Favill,wfavill2@123-reg.co.uk,Non-binary,117.38.202.190
5a618c15-c8bb-4105-83b4-32e6f29a11b9,Aldin,Filkin,afilkin3@geocities.jp,Bigender,161.92.149.52
07ffcb4b-1efd-48cd-80fa-f79df640c4c5,Carling,Japp,cjapp4@wordpress.com,Bigender,197.181.10.74
0b1a76cc-0430-4863-8693-ef1a7825d4d0,Greta,Ibert,gibert5@berkeley.edu,Polygender,170.149.189.239
506b9857-34b1-4acd-86a7-44c62eaefdf1,Beulah,Barnson,bbarnson6@icio.us,Male,69.35.179.186
5d86b5c6-1f9a-4453-8430-0b409229dcd8,Rowe,Krinks,rkrinks7@howstuffworks.com,Female,144.130.64.184
ea884e82-630b-4cc1-86fd-32be7101d4d4,Bary,Petrovsky,bpetrovsky8@arizona.edu,Female,120.184.190.186
b792ac0f-448f-4953-98e1-69f982ee91d8,Elna,Scimonelli,escimonelli9@nhs.uk,Non-binary,16.114.121.18
8cdacfc0-138a-4ede-b462-5162dddf041a,Josephina,Giorgetti,jgiorgettia@bbc.co.uk,Agender,102.126.148.150
ef84db0b-7059-4aed-8064-3c02ce79d8cb,Dollie,Olivetti,dolivettib@amazon.de,Bigender,66.59.25.29
b4f4997d-5945-487a-80da-2c96e9814004,Sigvard,Dyke,sdykec@ocn.ne.jp,Polygender,35.30.155.33
66c04528-5e6d-45e3-bcf8-195def052051,Theo,Manuelli,tmanuellid@wordpress.com,Agender,52.191.164.54
26119e85-9e29-4e66-aa90-f3cae8e94827,Edik,Hazeldine,ehazeldinee@unc.edu,Bigender,235.142.7.181
127c390c-a685-4953-be73-a4ffe0b1a0f1,Stacia,Muncey,smunceyf@nsw.gov.au,Bigender,158.98.137.196
9acf5802-be3a-4d65-8b14-af2d6b02e12a,Leonidas,Vamplers,lvamplersg@fema.gov,Polygender,131.81.30.167
f85a3c73-a305-4f3a-b093-01d01c4671e6,Anna-diane,Edds,aeddsh@parallels.com,Bigender,38.79.0.207
8cdcfb2f-d931-46bd-ad4c-27dd996a01d7,Noak,Hankin,nhankini@forbes.com,Bigender,226.80.220.250
0c240e20-a44d-4549-ae60-b95fd134851f,Debora,Eastcott,deastcottj@accuweather.com,Non-binary,250.32.219.158
e188fe89-2a9b-4edf-8c52-8133774013d0,Verene,Stockwell,vstockwellk@comsenz.com,Genderfluid,135.224.27.72
a104ab9f-c7db-4999-b21d-90dcfb83dcad,Quintin,Round,qroundl@webeden.co.uk,Bigender,231.174.81.113
2a930c86-d4b2-428b-8758-9d0aa85a20ea,Abbott,Kaspar,akasparm@zdnet.com,Agender,34.175.84.83
268edb11-4dca-4765-81a0-2e0f039112da,Gwendolin,Sicha,gsichan@google.com,Agender,208.148.172.95
59176cbd-268f-4e42-abec-d7877e5e7498,Jacinthe,Goodlife,jgoodlifeo@mysql.com,Male,206.102.219.129
f88bb286-2259-4458-b759-bc13ae8076d3,Hilly,Stalf,hstalfp@salon.com,Male,223.181.47.103
80d0c1a0-4888-44a6-899b-927f311107c6,Miguela,Witter,mwitterq@oracle.com,Agender,17.166.226.109
59b80a34-73fb-4ec8-bd23-3c314b735f65,Baldwin,Dumpleton,bdumpletonr@youku.com,Polygender,223.36.77.150
d3dda32c-c7c2-4ede-93e1-6466eed1045f,Leonidas,De Andreis,ldeandreiss@joomla.org,Polygender,162.193.202.6
424e0ccd-084f-4fba-8101-f1674fea9654,Emmeline,Gludor,egludort@wunderground.com,Genderfluid,180.107.78.171
7232e118-ee52-4412-8059-dcf46394ac6c,Reggie,Knappett,rknappettu@sun.com,Male,250.234.167.14
78333052-6c9c-43c0-bdac-1244440814e8,Halette,Greiser,hgreiserv@amazon.com,Agender,43.41.81.233
f3f84d78-ea1e-4d8b-93ab-45086bd2eefd,Bordie,Phillipson,bphillipsonw@tmall.com,Female,144.193.243.228
3685d245-b7d5-488f-9245-f8b318a0bf8f,Sabrina,Siderfin,ssiderfinx@privacy.gov.au,Genderfluid,159.215.33.171
e9688a64-aff6-4ac6-bda3-21b2e838d212,Wilow,Tuny,wtunyy@fotki.com,Non-binary,88.93.131.100
617350c3-cd3d-4844-a556-923341f739c7,Culley,Whacket,cwhacketz@cpanel.net,Female,183.94.211.43
0b723705-9e8b-44f8-a3a1-0c452e6e1f92,Thia,Everington,teverington10@acquirethisname.com,Male,80.29.155.40
b096ed24-409e-4db4-9824-1ca6405922bb,Flinn,Crosskell,fcrosskell11@state.tx.us,Genderfluid,13.132.239.253
0dbe5c0d-7866-4489-b426-4c72fde0d212,Sybila,Sawrey,ssawrey12@com.com,Male,12.188.166.155
4b31637e-aebb-4668-99f5-85dd4b2fe20f,Alaine,Scowen,ascowen13@liveinternet.ru,Polygender,93.125.40.65
a8515adf-e960-46e2-823e-546679b7a97e,Jeanie,Creyke,jcreyke14@globo.com,Genderqueer,148.7.71.235
c54ab197-c978-465f-a3f2-63c8eddac809,Jannel,O'Reagan,joreagan15@chicagotribune.com,Female,175.163.197.170
2ae88df2-2496-4aa9-acb8-ab6cad66f957,Jess,Maccraw,jmaccraw16@vkontakte.ru,Agender,242.55.91.213
b5661e62-d888-41ae-979c-b27981d0e0f5,Fara,Filyashin,ffilyashin17@issuu.com,Polygender,31.147.83.75
f9408d27-29d7-4cd6-882d-4932660e9f90,Vinnie,Laverock,vlaverock18@blog.com,Female,176.28.136.30
9c855e7f-5a4a-4de8-91d4-9b459d2c07fd,Barr,Jaquiss,bjaquiss19@cargocollective.com,Non-binary,241.201.123.124
143e931d-5fb7-45bd-b21a-c8267b5ddd8f,Johny,Durdle,jdurdle1a@360.cn,Non-binary,132.9.150.34
92e09b41-0d13-4c88-a55c-94a80e53e373,Quinn,Russell,qrussell1b@woothemes.com,Genderfluid,4.24.104.22
39bb7f5c-452c-460f-b7a5-dd526bb2c2e8,Teddie,Bomb,tbomb1c@exblog.jp,Female,86.183.230.180
cf16cbcd-6eaa-4e44-a3b5-330d54569c13,Karen,Sket,ksket1d@unc.edu,Polygender,73.154.95.136
6dacc84a-cd4a-4d44-bece-331828d5b83f,Stirling,Backshell,sbackshell1e@wired.com,Female,134.168.196.119
1fc60683-8098-475b-ba71-d024813ba907,Ezmeralda,Dobsons,edobsons1f@omniture.com,Polygender,38.177.18.165
074e2868-82ec-442d-8a20-842eb06f6b3f,Pepillo,Sheere,psheere1g@clickbank.net,Polygender,140.31.66.33
f317210a-68b2-41ae-bc6a-2e84147d4a17,Clarey,Matchett,cmatchett1h@deviantart.com,Bigender,127.1.37.249
b397e21c-3d47-48ca-93a9-62b2b6409b5d,Chrysa,Sobczak,csobczak1i@va.gov,Non-binary,200.164.242.178
89ffcb5e-a60a-4a9c-9895-9f8070d7bcda,Coralie,Stockbridge,cstockbridge1j@examiner.com,Male,14.185.118.198
93d4ff98-77e4-45f6-ab5f-8f0a64b05a9a,Byrle,Deare,bdeare1k@shop-pro.jp,Genderfluid,209.73.7.120
8bcff1de-9f9b-4297-abbb-ff957fa4a5da,Dore,Filasov,dfilasov1l@sbwire.com,Polygender,185.16.2.23
2f2922cb-ca09-44ef-9b4d-436b6592c4c2,Jenda,Ennor,jennor1m@blogtalkradio.com,Non-binary,34.205.253.49
8cd1a845-e5f1-49ff-b9d5-120fa75e9645,Brinna,Marians,bmarians1n@mail.ru,Bigender,54.4.89.149
38cbd01b-e6eb-49a6-b706-d2ed4b132221,Der,LAbbet,dlabbet1o@va.gov,Male,222.217.140.144
1839adef-e1af-4a9d-bee2-da25dbcbd5c1,Quill,Sisselot,qsisselot1p@indiegogo.com,Genderfluid,238.40.91.235
93711709-706d-4737-ab38-82a8cf0bbc95,Zarah,O'Curneen,zocurneen1q@shareasale.com,Male,188.253.147.224
a18e2e62-a66c-4e90-93d6-f4aaab7b3db1,Salomi,Arnault,sarnault1r@cnbc.com,Non-binary,222.73.96.180
c604d628-d98b-41f5-8e12-103f868966aa,Atlante,Maine,amaine1s@who.int,Non-binary,1.163.1.112
6ec6bb8c-da1e-4dff-878b-9429f8e5011a,Arne,Shireff,ashireff1t@parallels.com,Male,148.202.215.85
371a6c87-5224-4059-a683-7c73342e26b4,Marven,Aylin,maylin1u@instagram.com,Agender,247.24.175.204
707a1714-4726-4e82-ab57-1260823bf1dc,Onofredo,Iwaszkiewicz,oiwaszkiewicz1v@blog.com,Genderqueer,131.161.180.70
200b5fd2-39f6-4fd6-ac9a-232208093d04,Ignatius,Carp,icarp1w@ycombinator.com,Non-binary,154.68.151.119
44b822a1-28e6-4700-a9c1-bf0b9b46380e,Care,Battyll,cbattyll1x@gmpg.org,Genderqueer,28.5.240.124
aab8b431-f142-4621-b9e8-786a8e2e584c,Morty,Ouldcott,mouldcott1y@unesco.org,Non-binary,75.36.224.6
cab12f63-d73b-4214-b99c-dad9f423d2e1,Audry,Vonasek,avonasek1z@senate.gov,Genderfluid,144.245.72.50
ff2d6f39-8da1-4476-a6d3-e6aaf8fcad47,Logan,Smallcomb,lsmallcomb20@home.pl,Male,208.244.134.251
c2b3474f-5995-4baa-8868-250262590945,Jeannie,Lages,jlages21@google.de,Female,100.68.206.45
2e10ec1f-fb84-43f2-bf32-8856de186861,Marin,Franzel,mfranzel22@xrea.com,Agender,179.18.20.42
3608859c-c3dc-4b5c-8b37-8901756b585b,Wolf,Chirm,wchirm23@ucoz.com,Genderqueer,236.210.24.67
e9c8f6a9-af1f-48a8-8a60-df9f8f6ec3eb,Karalynn,Finnigan,kfinnigan24@bloglovin.com,Female,202.218.157.83
5757e022-400c-4692-bba1-32de999422bf,Gracie,Norcliffe,gnorcliffe25@hao123.com,Non-binary,26.180.250.244
cc6a332e-2d6b-4d98-b3da-1173522605bc,Cherida,Shawyer,cshawyer26@shinystat.com,Male,244.127.177.65
fb9b3d36-6f61-4c6a-bf45-b1b6fb05fa42,Simeon,Clist,sclist27@omniture.com,Polygender,86.218.130.6
68b5dd36-8d72-4c60-b7c4-5226252a9f24,Patrica,Benedek,pbenedek28@acquirethisname.com,Agender,214.127.218.154
78cf01b8-1f36-41f5-8a94-3d3772e29772,Barde,Pidler,bpidler29@flickr.com,Male,238.34.23.67
f3524ddf-69ca-4afe-a8bb-2fd5aca831c0,Merv,Dowdall,mdowdall2a@smugmug.com,Genderqueer,127.80.40.37
fbb18346-bf13-4084-bb59-659ccde90f73,Kippar,Bifield,kbifield2b@privacy.gov.au,Agender,180.184.70.35
aad771e6-e74b-4c50-bf1e-c4e4e48504d2,Devland,Gosse,dgosse2c@youku.com,Female,247.235.231.39
6b74df6b-69bb-4f00-a938-6b8811d0b1f4,Alan,Peterson,apeterson2d@pinterest.com,Genderqueer,158.167.134.97
05beedf6-67e4-47d8-926d-cbbf3eb79838,Averyl,Testin,atestin2e@sourceforge.net,Female,0.18.135.227
8df659d7-6fbc-438a-9cf4-e3def21f75a7,Hugues,MacNelly,hmacnelly2f@infoseek.co.jp,Polygender,6.19.152.167
9a9fd54f-3766-4c13-969b-a5a58de37e2e,Otes,Gregori,ogregori2g@dion.ne.jp,Polygender,113.246.127.168
de9be4d2-36b5-4e49-8168-13e391e6fdc1,Ferrell,Roome,froome2h@guardian.co.uk,Female,208.124.233.119
3feb8964-3cdb-4b7d-b8d0-32bd8c7711aa,Lelia,Aronin,laronin2i@amazon.de,Agender,136.24.242.143
3ce44caa-5e16-4482-9b38-331bec712ce5,Alfredo,Kaesmakers,akaesmakers2j@drupal.org,Non-binary,38.31.197.197
91a72ce6-8685-455e-a7e4-05992a2824e4,Dorris,Mauro,dmauro2k@example.com,Female,255.219.84.238
0ba32046-d062-45e5-8859-26a33175297b,Ethelda,Bene,ebene2l@ucsd.edu,Agender,154.173.102.243
ca8c5019-863e-4478-bc27-ab9bc5ff1986,Kyla,Haythornthwaite,khaythornthwaite2m@samsung.com,Polygender,29.82.185.108
da5d4f99-6ab8-49bd-9010-6fe00c164ee8,Vaughn,Boddam,vboddam2n@blogspot.com,Non-binary,180.97.69.95
2b6da957-5203-4c8b-a7cc-c2b89c7d6d75,Flossi,Brickdale,fbrickdale2o@google.ru,Bigender,168.215.224.184
6fcb98c4-5f6f-41a9-b7ab-3c4a68c254bc,Irv,Phetteplace,iphetteplace2p@usnews.com,Genderfluid,37.196.36.220
acdcf450-8d5f-45e0-ab02-d225f5906456,Stevana,Salvage,ssalvage2q@lulu.com,Non-binary,105.22.207.177
58341f2f-6de1-4c3c-8c12-01cce7eee031,Cobbie,Percy,cpercy2r@4shared.com,Non-binary,168.44.77.80
70141c71-8063-4f32-b575-60a75dfb0fb2,Kissee,Atto,katto2s@webnode.com,Non-binary,174.202.86.193
3d9cd87a-0333-4d09-b5ed-1da6ccc3dafa,Agnola,Perez,aperez2t@tripod.com,Bigender,18.53.16.124
9e7b3852-db2e-4521-aa15-a3f34ec11dbe,Leontine,Siviour,lsiviour2u@desdev.cn,Agender,0.130.92.111
9b8d2740-ef87-4f45-ac0f-849a9fa10684,Aube,Faustian,afaustian2v@abc.net.au,Male,225.127.12.39
8ec45fad-4c22-4672-b9f0-95c8a287f30b,Wren,Pairpoint,wpairpoint2w@reuters.com,Agender,13.186.54.232
6fe8dd9e-b141-484d-b53f-41c8f81b3627,Maxie,Rolstone,mrolstone2x@apple.com,Male,242.36.157.24
3c2c7426-eb3f-40ea-8f48-2c568e310bb6,Eleen,Hein,ehein2y@typepad.com,Male,134.53.75.219
0a35cdef-8b39-4734-a4d5-dcfa5ac9f5ec,Nerti,Tomala,ntomala2z@seattletimes.com,Female,56.200.17.133
1e7ffe24-1062-4373-8d60-5ec714701437,Jude,Dundridge,jdundridge30@liveinternet.ru,Agender,235.238.249.27
53900041-f30c-4ddf-a198-8f3238c2b522,Ulla,Lettley,ulettley31@bbc.co.uk,Bigender,88.68.170.194
16499d2f-397f-448d-b199-d61ce59ba6fd,Morley,Tendahl,mtendahl32@posterous.com,Genderqueer,47.233.166.221
bcaf692e-d076-48b4-bac4-ad70be8403de,Haslett,Serrier,hserrier33@pen.io,Bigender,82.208.21.49
90560368-079d-4069-83ae-76321c24d8bb,Mathew,Forten,mforten34@engadget.com,Agender,39.193.176.201
b564f08a-fade-4116-b564-e5c6168a8e06,Daisy,Clausner,dclausner35@psu.edu,Agender,75.234.54.213
aaea2982-1634-417a-8f23-19cdeda70787,Gill,Bannon,gbannon36@weebly.com,Bigender,129.255.58.184
cbf1cd3e-d43c-4b46-85a7-e5cde6fd76fa,Gayelord,Pettingall,gpettingall37@barnesandnoble.com,Female,225.154.133.220
1e2f6f97-32d2-471d-83f3-7a6850673f31,Winne,McIlmorie,wmcilmorie38@ameblo.jp,Genderfluid,107.122.136.192
1f5e170a-e7b4-4069-a963-93d1e009639f,Aldo,Crose,acrose39@huffingtonpost.com,Male,1.28.39.60
3bde9ccd-b29a-480f-b1dd-40ced3007f82,Bobbette,Dunbar,bdunbar3a@princeton.edu,Genderqueer,118.182.228.95
acc2fd92-a53e-45b0-9ac4-0955cce24e4f,Barton,Birtley,bbirtley3b@usda.gov,Female,251.198.208.126
22344ee7-7c1e-4897-856b-40a6f32203af,Minnaminnie,Caple,mcaple3c@elegantthemes.com,Non-binary,209.241.35.206
0b83705a-7470-4b24-afb1-acd1d53025f6,Fitz,Hackinge,fhackinge3d@tamu.edu,Genderfluid,122.199.145.185
19c6475f-f1fb-4d55-acbf-c59a34f040be,Gale,Dinsell,gdinsell3e@utexas.edu,Female,228.199.100.103
c2ebc303-d322-4f2b-b21f-0b2db94bf5e5,Merl,Coleshill,mcoleshill3f@google.es,Non-binary,191.220.22.251
f2db6bd9-6b0d-4156-966a-219b68fbc3c5,Kati,Tafani,ktafani3g@mac.com,Male,203.39.23.147
88301a03-9af4-4f9a-8c42-5d57f4d7a975,Sharona,Petchey,spetchey3h@japanpost.jp,Male,40.137.66.76
44e7f71b-7f14-4e01-90e9-7a8c89d1c7bd,Sybyl,Gilston,sgilston3i@yahoo.co.jp,Non-binary,9.34.175.214
4a2d2979-76a3-4e6f-b00d-fff2318637be,Bari,Cliss,bcliss3j@cisco.com,Polygender,120.191.99.143
c2522e79-0fa4-488b-a09d-53af80bab0f5,Howard,Fearnyough,hfearnyough3k@cocolog-nifty.com,Genderfluid,160.116.219.162
e6a2b2bd-7502-4881-8a41-f7c350f5a27a,Dawna,Roos,droos3l@cloudflare.com,Female,202.40.57.68
82c6c5cf-ea0e-4880-bab8-2b1406793709,Gustie,Batt,gbatt3m@goo.ne.jp,Polygender,3.131.43.182
1d231e81-1440-4810-8b0d-4a745a1b35b1,Goldi,Larwell,glarwell3n@e-recht24.de,Non-binary,180.107.92.148
f8336855-c221-4e4c-973e-1a921fd1d544,Torey,Tedman,ttedman3o@si.edu,Genderqueer,191.178.84.26
8ad41e76-235a-464b-a2ea-fea6c85d8422,Gaynor,St. Leger,gstleger3p@disqus.com,Polygender,166.67.131.10
5792596b-3d9b-490d-aaf1-eaf55a46d2b6,Sula,Dye,sdye3q@ifeng.com,Bigender,211.198.201.221
2db8a370-a4d9-481d-aed8-3a8696829213,Yetta,Vanyarkin,yvanyarkin3r@desdev.cn,Genderqueer,231.77.87.59
9122dd5b-ed87-4fe0-8d7f-73507cec2fe9,Elfie,Holwell,eholwell3s@telegraph.co.uk,Polygender,94.109.62.211
73739808-b8e1-4e61-8070-a9d349f932cd,Worth,Kemsley,wkemsley3t@illinois.edu,Genderqueer,57.88.83.4
24cd8f4b-2c23-4c6e-87f2-4402f0769285,Kordula,Asals,kasals3u@discovery.com,Female,212.38.31.241
5649b8f4-0a20-4665-a02e-cf3c3efa02c8,Gay,Udden,gudden3v@hibu.com,Genderfluid,200.94.110.14
3b231395-6516-42fd-84de-5c7836a75ffa,Prisca,Benton,pbenton3w@ask.com,Male,34.227.63.190
3c709451-e31b-4680-be8e-e64d0a5413f0,Ted,Waddup,twaddup3x@usa.gov,Agender,191.141.183.36
43a09399-ad09-46e8-8d62-4cfe9f55cbf9,Monah,Bonicelli,mbonicelli3y@ted.com,Polygender,142.17.21.92
404377f1-29db-44b4-8a4a-39e3fbf4c558,Evonne,Knee,eknee3z@hostgator.com,Non-binary,90.106.11.119
9ad42a09-9746-447e-bfbc-cb4fd6d2a7f2,Ansley,Erickssen,aerickssen40@vk.com,Genderfluid,193.126.29.188
843c1794-678c-4104-94dd-62455cd45a71,Mycah,Trinkwon,mtrinkwon41@yahoo.com,Agender,210.1.51.36
370cfc14-85b2-4e29-ae27-4e9a5f53fc99,Walther,McVeagh,wmcveagh42@intel.com,Genderqueer,169.87.189.244
9b9133f5-9274-4f47-bf94-bfb5549af2cb,Rosie,Skullet,rskullet43@deviantart.com,Genderqueer,154.124.109.231
3b46adae-c34f-4a7e-90bb-28c20354ccff,Sisely,Zavattiero,szavattiero44@issuu.com,Bigender,203.90.71.178
c19f2b83-3bbc-4f52-a5a3-785608009ba8,Tomi,Eldin,teldin45@netvibes.com,Male,32.7.159.199
92a97855-b099-4d08-8155-487251062ee3,Burlie,Buddle,bbuddle46@amazonaws.com,Male,99.126.120.92
720833f7-b16c-4224-97b9-1c352004cdb4,Antonella,Fairall,afairall47@imageshack.us,Genderfluid,111.24.137.105
2b60ebd2-4797-4485-81e0-735b8b13ccdf,Kalli,Sabater,ksabater48@icq.com,Male,99.198.95.148
ce4d787b-04c0-47df-9c70-fc008e1d4987,Konstantin,Bottlestone,kbottlestone49@nsw.gov.au,Male,186.214.40.123
df8fbbc0-9df4-481b-a41c-dee026399fb3,Packston,Wapol,pwapol4a@slate.com,Agender,164.227.220.48
039599cb-ae26-4263-bcf5-38e0a7cb7480,Minna,MacIntyre,mmacintyre4b@miibeian.gov.cn,Genderfluid,197.76.247.160
003a74d0-2d1b-4b11-980a-5102d872cd6b,Waldo,Hoggan,whoggan4c@eventbrite.com,Non-binary,40.219.238.174
6454df07-9805-4bb9-a5b7-2abb4359ef39,Chere,Dupoy,cdupoy4d@shop-pro.jp,Agender,184.168.238.223
31c94b01-d71e-4ca7-83d5-a79c08778734,Robinia,Backwell,rbackwell4e@sourceforge.net,Polygender,39.95.171.242
ab59f854-e75d-465c-af5f-d0a3789b5ced,Nola,Michiel,nmichiel4f@edublogs.org,Genderfluid,235.208.13.73
f3afce87-b081-4a57-a9cb-300d3bb4b438,Gayle,Dinsey,gdinsey4g@scientificamerican.com,Female,145.200.15.230
ca507cfd-37a0-4666-8a35-eb21bf4c1350,Thom,Warrington,twarrington4h@exblog.jp,Agender,237.33.144.135
28453f7e-3231-4b80-aa5f-eab6887d8401,Amandi,Amiranda,aamiranda4i@nsw.gov.au,Agender,95.85.201.200
62156df6-e1da-41e2-a40d-8e989ea8fe30,Dayna,Evelyn,develyn4j@rakuten.co.jp,Polygender,236.233.209.57
deb0e6e7-ef58-43d2-8558-ef3dae2acdb4,Gaspard,Stansell,gstansell4k@wikipedia.org,Non-binary,18.43.39.16
083d6b5f-96e8-4c03-ad94-71c0d2deea1d,Milzie,Bordman,mbordman4l@canalblog.com,Non-binary,118.10.10.132
24591cfd-03b7-4c59-82b3-1a55031ba1c8,Storm,Loveitt,sloveitt4m@businessinsider.com,Genderqueer,188.243.102.0
5ff25911-0bc7-4c7d-8cfb-c843a891f34c,Branden,Hanselmann,bhanselmann4n@adobe.com,Genderfluid,236.188.25.238
6a82918d-5e08-468e-9660-a047ff586e61,Clerissa,Sowthcote,csowthcote4o@timesonline.co.uk,Male,180.173.177.243
0599ab3d-d2fd-4626-90b0-2cda8f9ba942,Clem,Suggate,csuggate4p@merriam-webster.com,Polygender,150.201.21.190
c3cfe6b4-3fb4-4cc0-aff8-cda37a8632f5,Emery,FitzGibbon,efitzgibbon4q@lycos.com,Agender,216.65.171.101
995e66fe-9e40-45d4-8d3f-f0930c8a2d18,Deeann,Kalisz,dkalisz4r@google.com,Agender,74.56.32.155
a8d786fd-f219-4ddd-8999-5ca342665791,Blanca,Alessandrini,balessandrini4s@webmd.com,Genderfluid,111.180.95.4
28921d33-b840-4286-8114-bac3e1b331cb,Guillaume,Sandels,gsandels4t@businessinsider.com,Female,93.8.68.104
483f6fe1-762e-43f9-9d93-6b8caaf7f187,Tyrus,McDavitt,tmcdavitt4u@i2i.jp,Genderqueer,80.211.148.174
4b688430-c728-43aa-817e-dd1b704873d5,Lorelle,Friman,lfriman4v@microsoft.com,Bigender,60.19.193.169
0ea4d013-ba8b-44aa-abcf-a4ff61d2f122,Rozele,Laverick,rlaverick4w@deviantart.com,Genderqueer,77.215.111.151
5f79394c-d333-4c81-87a8-bbc21aa0733d,Lindy,Hayto,lhayto4x@cisco.com,Male,222.222.244.50
9ebfeef8-4fc5-4e14-b6fc-e899a7dd46f5,Ram,Bruhke,rbruhke4y@msn.com,Polygender,226.243.151.209
55fe8905-7b7b-4511-a037-4d8a71236876,Jillayne,Norvell,jnorvell4z@youtube.com,Genderqueer,110.81.46.108
4b511ce9-254d-4f85-a04f-26a0fec017b6,Florella,Harnetty,fharnetty50@latimes.com,Genderqueer,232.30.62.139
a18a72a0-2c0b-4920-a68d-9cbb039fbb51,Lefty,Jansema,ljansema51@nbcnews.com,Genderfluid,49.62.78.171
a71e5a5b-77c2-496a-9d5a-b7fa3aac6848,Georas,Leggitt,gleggitt52@answers.com,Genderqueer,202.164.44.34
a6269016-c545-468c-bde9-83a321d0c533,Liliane,Hegges,lhegges53@harvard.edu,Non-binary,24.175.255.241
51e048c8-6457-4b96-b139-9e6b59bd4dc2,Mel,Gaddie,mgaddie54@businesswire.com,Genderqueer,123.102.189.161
d889e342-939f-4fdd-8521-16cdb1c79c64,Brooks,Krzyzanowski,bkrzyzanowski55@narod.ru,Non-binary,252.154.94.7
55a0f773-bda9-43ba-9bbe-86a293617985,Persis,Castelletti,pcastelletti56@a8.net,Polygender,36.97.193.24
ea409faf-87e8-4a37-b106-ebef1daae55b,Floris,Martijn,fmartijn57@ox.ac.uk,Genderqueer,51.120.115.250
303e5898-0d2f-40b2-9fe4-40dd72a67a38,Aggi,Gundry,agundry58@angelfire.com,Male,120.183.217.139
7d11b933-a5ae-4745-9318-b558d2c1b3b9,Mirabelle,Bozward,mbozward59@youtube.com,Genderqueer,125.120.97.186
a029acc5-943d-4a66-9e43-4c17a4ead53a,Riki,Teideman,rteideman5a@hao123.com,Genderqueer,25.44.71.51
0debe922-ff26-436a-802e-ae1d9d0262c9,Zorine,Oxenford,zoxenford5b@ifeng.com,Genderqueer,246.176.69.194
9cadf021-eebc-4956-8f78-f0638eaafba5,Carmella,Eagers,ceagers5c@whitehouse.gov,Male,152.136.4.157
55b350af-c1f8-44a4-a1b1-466173db77cd,Merrill,Venn,mvenn5d@hexun.com,Female,253.155.104.34
673ec416-7f1d-4671-830f-50f5f5bbd7c6,Edgardo,Gooding,egooding5e@mlb.com,Bigender,166.104.158.63
447e72d8-4657-46d2-b947-4d2c999025e4,Adeline,Boman,aboman5f@live.com,Non-binary,210.110.98.172
f28cae90-4826-4fe7-82f4-47408b875d2a,Clayton,Hacquel,chacquel5g@geocities.com,Male,154.1.107.12
9ae3277d-0c3c-441c-9616-ebef594e2fbd,Sonnie,Sauvage,ssauvage5h@deviantart.com,Female,178.183.16.203
d6bb6d06-a68b-49e6-8284-35d320d9615f,Tuckie,De Winton,tdewinton5i@w3.org,Genderfluid,184.190.127.206
7dd82418-5858-4193-9872-a8a3788b209e,Royce,Skim,rskim5j@omniture.com,Genderqueer,255.72.184.147
0a7a7a9a-18ef-4fd6-8170-2d0c38be96c8,Gerladina,Feaveer,gfeaveer5k@xrea.com,Genderfluid,248.158.179.187
4f0f7462-6d83-4cd1-8580-9820ef14fdc1,Engracia,Dwine,edwine5l@netscape.com,Non-binary,140.131.200.18
a738fad5-db91-4a13-a396-fc1cae4346f4,Beniamino,Lawther,blawther5m@miibeian.gov.cn,Genderqueer,4.21.180.167
5bda4b0b-9d17-40cd-8671-90da42bf6c4e,Alastair,Huston,ahuston5n@freewebs.com,Agender,185.100.192.134
44c2e182-a7c0-46d9-82c7-0aaeedf78119,Forest,Auten,fauten5o@wikia.com,Polygender,213.9.34.150
eede8100-af97-4997-bd34-731fc8fa9281,Anette,Blockwell,ablockwell5p@aboutads.info,Bigender,17.101.236.104
5ced4248-1309-411d-8d49-15cd18c25be1,Neils,Haskayne,nhaskayne5q@nps.gov,Bigender,250.165.59.7
8cccdcb8-1295-4506-a541-642b2eb3616f,Rubin,Popescu,rpopescu5r@samsung.com,Male,112.249.57.22
8424c139-7d61-4f78-893a-268eea36c872,Leandra,Lettuce,llettuce5s@netscape.com,Genderqueer,76.237.26.188
05cbdd24-ac6e-4c40-87f4-41c05c3a6690,Ingamar,Liven,iliven5t@yellowbook.com,Genderfluid,134.146.141.149
e9b7e71a-62e9-4fb1-a4d1-3ddd2d85d27d,Kimmi,Brydell,kbrydell5u@ucsd.edu,Polygender,36.248.202.72
0c1f550d-ab61-4109-9ac0-597f55d615f4,Darell,Saward,dsaward5v@nytimes.com,Female,45.90.4.53
484b0eaa-99a1-49fe-85dc-8a5b391e0ef4,Mylo,Tabord,mtabord5w@marketwatch.com,Female,16.162.68.135
4c29b462-3c93-4124-87c3-ca9366dc3fa7,Oliviero,Godson,ogodson5x@google.fr,Genderqueer,215.76.19.57
a9cb28bc-72f3-41d9-b881-d239c9f48307,Maggee,Hedon,mhedon5y@stumbleupon.com,Non-binary,234.6.179.89
f9393b1e-f3f4-48ff-b7a2-46634b37dfe0,Engelbert,Segebrecht,esegebrecht5z@nhs.uk,Non-binary,107.39.3.46
eb7a1669-9659-4b6e-a389-ef24404ea4c8,Karylin,Breach,kbreach60@oracle.com,Non-binary,243.81.223.101
3c01d263-7930-407d-8fe9-5de80c3cec43,Mic,Manilove,mmanilove61@unc.edu,Genderqueer,109.44.36.227
78dc5b15-44bc-42c9-bf87-cc52fff1f22b,Alard,Brennon,abrennon62@intel.com,Male,105.174.38.73
94c87262-978b-4c57-9490-f6b15dac1e6a,Tybalt,Mundee,tmundee63@reddit.com,Male,185.162.23.85
61c032ba-1153-4a38-a4d6-22d60aacd2c0,Aurthur,Tuckie,atuckie64@google.com.hk,Agender,80.116.224.182
d26ef5d3-1848-4bd1-a204-23f40399f8d3,Caleb,Bysouth,cbysouth65@washington.edu,Non-binary,183.127.31.104
2c5dd65a-1463-45b9-b816-c5596eb5d13c,Addia,Gliddon,agliddon66@harvard.edu,Agender,73.137.21.182
62fd1997-09c9-4c0c-9e61-794718086bd1,Zack,Quoit,zquoit67@shinystat.com,Polygender,70.208.201.218
f805f075-3008-40de-8b43-fb4aa49a1401,Perle,Katz,pkatz68@odnoklassniki.ru,Bigender,110.146.107.167
53ed5ff1-d0be-424d-8ab1-197d8e735798,Broddie,Greave,bgreave69@dagondesign.com,Genderqueer,236.174.237.203
43b0fc15-7770-4d94-ad91-66f1fe3a0c50,Sheff,Pedrol,spedrol6a@youtu.be,Genderqueer,74.189.123.208
678ab15c-4804-4ab0-9425-d0d1572bedce,Cherilynn,Burtonwood,cburtonwood6b@forbes.com,Non-binary,164.164.212.122
8b391d32-44d6-4341-9cfe-227f52fbfbcb,Moises,Slavin,mslavin6c@tuttocitta.it,Non-binary,107.194.14.169
b6862ac6-d5db-419d-900e-620dc9dd8805,Avrom,Bigmore,abigmore6d@fda.gov,Female,51.168.117.253
f9afc2ca-e8aa-445b-8056-7ef862f68de7,Gloriane,Mount,gmount6e@springer.com,Agender,22.213.38.168
38c5b947-0807-4dc2-8268-a6b7a4037554,Halette,Acum,hacum6f@soup.io,Genderfluid,58.55.17.34
fa8afb14-f63b-4bb4-a513-fd0aaf8a8fd8,Sheila-kathryn,Gorman,sgorman6g@intel.com,Bigender,55.97.191.231
21f04bc9-b64b-4d25-a671-eae7ab301cc5,Tanitansy,Birkin,tbirkin6h@arizona.edu,Genderqueer,238.148.233.143
82374bd4-070d-4c0b-bc94-6d013381af0c,Mata,Keeler,mkeeler6i@usnews.com,Agender,170.210.5.182
127aaf26-baf8-4a46-ac5a-63d73e8cdf3f,Ashlin,Garrie,agarrie6j@chronoengine.com,Bigender,182.193.96.254
cbc6b978-d7c1-422b-8ed5-a5442f42bf4e,Kincaid,Couve,kcouve6k@marriott.com,Bigender,91.94.153.159
1432353c-71b2-4e9a-9396-c194ccbdf6a0,Tani,Docwra,tdocwra6l@auda.org.au,Female,255.93.216.237
cf05a9ed-5384-41f4-84a3-faa843a16edd,Lizabeth,Levison,llevison6m@exblog.jp,Genderqueer,207.66.197.226
1d55208d-e147-443b-8bbd-4d9b40a2fcdf,Sunshine,Hambridge,shambridge6n@cbsnews.com,Male,148.132.54.238
64f2b074-7cd7-42f1-911d-ad024c4ad0ba,Rebeka,Backwell,rbackwell6o@ameblo.jp,Female,40.255.53.125
c7e106f2-00e2-4960-8970-d612e14fdb04,Katy,Goakes,kgoakes6p@bloomberg.com,Female,214.29.120.5
0c42b9f5-52dd-4262-aaf2-6101b05f8de6,Nicola,Dakers,ndakers6q@soup.io,Polygender,211.153.97.240
cad54b5a-e0fc-4aaa-83df-dac73013d5e3,Nappy,Botwright,nbotwright6r@163.com,Non-binary,45.63.60.129
00511fc3-b22c-4078-aaca-ab5d1c58f70a,Cilka,O'Dyvoy,codyvoy6s@miitbeian.gov.cn,Genderqueer,98.194.31.253
d40187ae-0613-4410-a779-c517a12b88d9,Krisha,Hulmes,khulmes6t@state.tx.us,Female,120.237.230.8
c11637e0-33b3-4036-9050-c5f36a9041bd,Ev,Tures,etures6u@de.vu,Polygender,226.227.243.173
dc44c8a3-be56-464a-b5ad-712ffb86e4d7,Oralla,Cromer,ocromer6v@mail.ru,Agender,45.30.144.121
91cbf71d-858e-4123-9038-c18b86b733d4,Eal,Veryan,everyan6w@pinterest.com,Non-binary,151.248.186.119
f7475bf7-22be-4316-9fd2-0f0dc483a9ad,Sonnie,Cockings,scockings6x@nationalgeographic.com,Genderqueer,19.115.178.170
c632edeb-f3e2-4f1f-bbf8-e55ea8df3094,Moshe,Janiszewski,mjaniszewski6y@oracle.com,Genderfluid,101.74.2.14
eaa8206c-3fb4-43f9-b8a1-e5efcbac42fd,Jeremie,Lodder,jlodder6z@weather.com,Male,208.222.13.169
30ba5151-1811-4c63-97df-9b67afe4e905,Jon,Banister,jbanister70@simplemachines.org,Genderqueer,124.80.166.60
e13f21d2-2dc9-48cc-9548-31ab87d68cfa,Jory,Pleasance,jpleasance71@symantec.com,Male,214.156.49.99
ce352cf3-ec12-4211-b56a-e1eb38d96d15,Maddie,Koppes,mkoppes72@flickr.com,Polygender,126.98.105.85
4bb25e7b-9845-4e0a-ad4e-57425852ef32,Obadias,de Clercq,odeclercq73@alibaba.com,Non-binary,156.223.75.102
987264da-8344-48e5-96f9-278cdeb1d83e,Edee,Benneyworth,ebenneyworth74@altervista.org,Agender,84.111.197.193
61fa87c1-0823-4d95-9db2-5f6f9cda6b45,Rube,Overell,roverell75@miitbeian.gov.cn,Bigender,16.188.196.106
4d5dd10b-e353-47bb-bac5-07099621f6db,Pauly,Giampietro,pgiampietro76@bizjournals.com,Genderfluid,88.75.77.140
f253a632-ce6c-4c86-9bc2-7a7ac632a211,Ignace,Khosa,ikhosa77@nih.gov,Polygender,11.230.42.78
ae5a37c1-67b3-49b6-80da-fcd7ff956533,Tulley,Dadson,tdadson78@addtoany.com,Non-binary,174.96.225.117
9fcaf231-16fd-4964-b64c-e4af0489d651,Cristie,Manntschke,cmanntschke79@51.la,Bigender,129.223.185.182
ec914957-c14f-4968-bc3c-70dc32a3b70f,Janela,Broggelli,jbroggelli7a@foxnews.com,Male,220.177.110.206
76317ee7-d0e6-42ac-a7b9-2d18d730775d,Rollins,Janaway,rjanaway7b@google.ru,Female,254.177.102.96
e7dcc32f-1e1c-4f2c-ac3b-171ea01467ca,Elinore,Paumier,epaumier7c@dropbox.com,Non-binary,182.231.81.195
6d17f01d-0e81-4ce9-a0b5-bf87d07dfb98,Russ,Kennham,rkennham7d@guardian.co.uk,Bigender,209.172.224.169
bed74b31-118a-486f-af92-16cf2f786870,Georgette,Loadman,gloadman7e@state.tx.us,Genderqueer,216.54.196.149
81cc0c64-3b23-4648-968a-a9ed4603ba6b,Wilone,Redd,wredd7f@opensource.org,Genderfluid,41.142.63.94
a8fb5b2b-2c03-4b9f-ac8f-3d3d254dba92,Tilly,Toppas,ttoppas7g@miibeian.gov.cn,Bigender,243.52.117.0
01f7791d-3fc1-493a-9c12-b991b8cfb16b,Sylvester,Dunkinson,sdunkinson7h@soundcloud.com,Male,17.244.14.116
55bf46f9-ff63-4f40-a12f-8fda8130840c,Mario,Moretto,mmoretto7i@mozilla.org,Agender,12.237.175.232
4f997b23-0f5a-4dfb-b210-7d2617f01aad,Sampson,Tummond,stummond7j@state.tx.us,Polygender,120.232.17.71
f28df3d4-562f-4123-bc87-6ab19819e2d9,Ephraim,Boler,eboler7k@photobucket.com,Male,48.23.252.26
654d1991-3660-4023-a41b-65a0b84be6c5,Hannis,Kynge,hkynge7l@wsj.com,Polygender,181.201.149.61
a1b60989-2a0c-4a2d-8706-d7a2c3f2ccea,Jehanna,Davidwitz,jdavidwitz7m@vistaprint.com,Genderqueer,212.227.188.133
9dec9c9f-d570-4a17-9f36-a0a7d55a9e99,Frederica,Farrimond,ffarrimond7n@vk.com,Male,182.222.196.76
c400ce25-2ea5-4404-936e-0273ff097b38,Devonna,Berkowitz,dberkowitz7o@wunderground.com,Genderfluid,32.238.254.182
c9acec73-f05f-44a1-a127-dd98c0ed0887,Bernard,MacDermid,bmacdermid7p@sohu.com,Male,72.250.52.104
b6a65a1d-0f33-4e7c-be06-d1f27a3281b6,Aileen,Vernalls,avernalls7q@com.com,Bigender,65.222.115.118
e8d29a0c-8058-4b06-92b1-7964a41c32fe,Drake,Kearsley,dkearsley7r@pcworld.com,Agender,25.86.248.183
91cad38d-6d22-4a94-8262-15d733b1bfa0,Rozella,Milverton,rmilverton7s@pbs.org,Genderfluid,155.59.22.68
e2ba0940-91c3-4937-8698-afc50f6660cc,Ozzy,MacElholm,omacelholm7t@bloomberg.com,Male,22.65.106.163
a211c69e-be29-41f5-88d0-1ae94bff0029,Pooh,Marjoribanks,pmarjoribanks7u@tamu.edu,Genderqueer,66.127.78.70
c064d8c3-c87c-4861-b27b-00b05c6913d6,Orella,Frankcombe,ofrankcombe7v@myspace.com,Non-binary,135.203.106.249
a19cfe9b-2507-4311-8e11-d35f655033b1,Dode,Eacott,deacott7w@jigsy.com,Agender,109.118.98.233
cba5cf81-863c-4db9-b679-dd40d4e89e56,Maribel,Stroulger,mstroulger7x@bloglines.com,Bigender,190.7.147.36
c12ef297-92a7-4cda-8a4d-b7f2ee6cc842,Gerry,Adriaan,gadriaan7y@hibu.com,Non-binary,207.139.205.98
cb26ba41-ca63-4fe0-89b2-8e0f8d51c1f0,Lorne,Scarratt,lscarratt7z@sakura.ne.jp,Non-binary,65.204.217.104
27c54d24-7b02-4d49-a3e9-de58272064b6,Kimbra,Callacher,kcallacher80@statcounter.com,Polygender,193.75.228.226
6df69df2-a744-441e-a7d3-083f640ec0ab,Elbert,Serfati,eserfati81@biblegateway.com,Bigender,39.11.131.37
e459b1fb-b358-4fd0-bd2d-04d0793d44cd,Joyce,Synnott,jsynnott82@youtu.be,Male,230.246.224.82
526cebfa-8ac9-4793-8dd9-45d2c6e76f17,Amandi,Weymont,aweymont83@shop-pro.jp,Male,214.169.86.253
bc74b88e-b081-42e0-9085-12d85ddc1502,Ladonna,Gething,lgething84@bigcartel.com,Genderqueer,32.119.93.155
628be562-ac9c-4cdf-a378-af080fc7e04f,Mirella,Chomicki,mchomicki85@google.es,Non-binary,181.166.231.196
5fa9a10f-7b26-4839-afe2-26d1f2df48f7,Collette,Sails,csails86@dedecms.com,Male,229.139.219.76
c7556628-636d-4919-99b6-e7b7ba4ba151,Rhodia,Poznan,rpoznan87@usda.gov,Bigender,233.34.216.104
729aa0b1-44f9-4334-b951-83308d35badf,Frankie,Pendle,fpendle88@ifeng.com,Polygender,230.161.17.128
84fd3b09-f691-4203-b72b-8d6d3ea013fd,Ardelis,Farleigh,afarleigh89@booking.com,Male,197.135.73.139
ddfbfb97-da60-4b30-bc5e-7a7ebd7120f5,Chiquita,Matt,cmatt8a@google.com.br,Polygender,163.114.190.85
ca96641a-1447-45b4-a306-ee6b84155f87,Wenonah,Rosendale,wrosendale8b@jigsy.com,Agender,93.108.10.22
e0ca10f8-a7b1-4803-8c00-5a7638a9e3b8,Aile,Smewin,asmewin8c@twitpic.com,Genderqueer,140.25.128.85
d5552e4c-1e3e-4998-8908-9e5cab12e555,Alfi,Holttom,aholttom8d@yelp.com,Male,242.102.246.17
eb739a35-006f-46f3-8369-3594c63458d1,Tate,Leask,tleask8e@chronoengine.com,Non-binary,249.31.143.153
d3758ca9-8870-4f8c-9474-06c76c437364,Moyra,Ferry,mferry8f@bizjournals.com,Non-binary,122.143.109.153
67d042c4-0e30-4fda-8d4e-9355e799e1ac,Barbi,Ivashkov,bivashkov8g@deliciousdays.com,Agender,208.150.74.170
2741a11c-bba3-4403-bac3-6517d2a0bf35,Trip,Langwade,tlangwade8h@pcworld.com,Bigender,221.102.83.88
32591b47-46aa-49cb-b16c-f0a9e2637394,Chris,Furman,cfurman8i@auda.org.au,Bigender,76.210.242.79
9311db54-099f-4e82-be3e-54d7a698d15b,Skipton,Scarsbrick,sscarsbrick8j@newsvine.com,Male,189.67.179.204
aacad9b5-4d73-4d19-9c67-b84383b8f934,Darwin,Kelston,dkelston8k@latimes.com,Non-binary,10.238.239.74
35a7b11b-15bd-4dfa-82a4-5e53feed4c05,Kyle,Matignon,kmatignon8l@linkedin.com,Female,144.199.101.116
6e296935-9eb1-42e3-b748-cc7e3fe68b14,Alexis,Ghelarducci,aghelarducci8m@g.co,Genderfluid,126.73.158.185
226f5be8-19f4-45d8-9597-144c60ac2e41,Hamlin,Courvert,hcourvert8n@amazon.com,Non-binary,184.156.96.47
ee4bfc8b-4d11-45f5-b2e0-db87f72bd626,Yance,Dinley,ydinley8o@un.org,Female,92.31.55.227
cba7c572-af89-4cd4-9f95-d4fe746082ff,Martguerita,de Marco,mdemarco8p@europa.eu,Genderfluid,28.173.82.156
b2e788bc-afdc-4bf4-8764-d115abc06f18,Cathrin,McLewd,cmclewd8q@java.com,Bigender,66.49.134.30
dd8f1e1b-2edc-4685-935c-f10e53c0f6a3,Bobbie,Marquez,bmarquez8r@google.co.jp,Non-binary,254.232.248.99
12744d06-c1ab-43b3-9fe9-7c871eee1201,Vicki,Denecamp,vdenecamp8s@yolasite.com,Male,214.12.145.232
f2f37e04-97b5-4a2e-a655-e2444c7f6d7f,Meara,Josefson,mjosefson8t@simplemachines.org,Genderqueer,78.182.201.32
f4b1d878-2da6-4898-bd74-9899218d7b5b,Celeste,Fitzackerley,cfitzackerley8u@unesco.org,Female,29.204.40.163
fb772bf5-d0fe-4f3d-b9f3-12b081c63ded,Berti,Bater,bbater8v@printfriendly.com,Male,204.21.110.18
0201cd82-5efe-42e2-aaee-036ce1785e15,Bancroft,Orchard,borchard8w@home.pl,Non-binary,170.31.181.231
9d7c7e58-9774-41fd-ae15-f85f6491cec9,Noland,Sweetlove,nsweetlove8x@com.com,Bigender,62.23.246.119
be120970-237c-4a7a-b00c-12f7b28b0f0d,Alyssa,Claypoole,aclaypoole8y@smugmug.com,Non-binary,147.53.215.217
dfd4c23f-6560-41cd-a7c5-8c049a63a0d6,Hogan,Farncombe,hfarncombe8z@opensource.org,Agender,93.187.139.63
b145a281-f3b8-4a06-bb87-e0f5e00f31a5,Sigfrid,Gudahy,sgudahy90@hatena.ne.jp,Genderqueer,242.23.165.66
79a0e007-5869-4d2d-a3cd-6eba451afa01,Mahala,Grimsley,mgrimsley91@51.la,Polygender,49.174.134.240
d97576b8-eac1-44a1-b47b-c0f047e3a59b,Tam,Osipenko,tosipenko92@ucla.edu,Male,103.58.237.245
ad562425-b750-49de-a3ff-d5dcaba4dd52,Marlo,Toten,mtoten93@google.ca,Female,219.154.148.42
99fc88dd-d11c-48f3-806c-b35e032fc882,Mureil,Gilford,mgilford94@moonfruit.com,Agender,147.104.186.15
be2eb7a9-72bc-4295-8940-bdcc63a9ac82,Corny,Greville,cgreville95@discovery.com,Agender,104.205.50.90
5f8b3f99-483e-459e-8932-d1124c45b5a1,Waylan,Housecroft,whousecroft96@nydailynews.com,Male,42.153.90.5
523d2350-6cf0-43f5-bb47-c6f4fde561d4,Joey,Galbreth,jgalbreth97@weibo.com,Genderfluid,77.87.193.79
a63fc51a-57df-4f20-ae59-98234a63dafb,Kip,Channon,kchannon98@cafepress.com,Female,45.220.244.56
a40158fa-3216-4fc6-9fec-edf4b8b39a93,Lucio,Ambrosoli,lambrosoli99@xing.com,Bigender,227.127.59.129
ed6345f0-2438-4cc7-92c9-8212ece3056d,Ephraim,Plumm,eplumm9a@mayoclinic.com,Genderfluid,129.196.134.176
a92709db-0ea3-4565-8974-3502f8aec8e3,Reinwald,Le Jean,rlejean9b@merriam-webster.com,Genderfluid,147.11.105.167
f9d1dfe4-05d2-4abc-82fc-156abc1d8a0a,Guglielmo,Hearnaman,ghearnaman9c@altervista.org,Female,190.219.116.70
e119f257-434d-4b6e-a63e-7776519d2e80,Madelina,Pavy,mpavy9d@xrea.com,Female,66.34.200.132
aa759934-85a4-4692-8e69-076303a4fab3,Cullan,Arnald,carnald9e@ed.gov,Non-binary,211.192.130.161
ffbef8a6-24a1-4b6a-8299-c7b3b04d730e,Conchita,Seear,cseear9f@patch.com,Genderfluid,196.176.75.96
ad546cfb-31a9-48e2-8044-906e88d09c9a,Imelda,Spooner,ispooner9g@issuu.com,Genderqueer,186.231.217.216
7e7b35e6-d770-48d2-9df9-8cc60a9a1721,Patti,Berkelay,pberkelay9h@ning.com,Male,129.183.104.170
83526950-d41f-40d5-b9aa-2908522917e3,Howey,Daintier,hdaintier9i@sourceforge.net,Non-binary,129.203.25.237
16091b29-4cbc-49ae-a953-8826b7f7bd57,Devin,Pomeroy,dpomeroy9j@ox.ac.uk,Agender,181.22.221.68
149b9345-0123-4424-9982-83abd3444b68,Donica,Atger,datger9k@rambler.ru,Agender,189.219.132.86
baab9f5d-6ef1-471b-9cd1-e94fb13a7de0,Berty,Gayler,bgayler9l@bbc.co.uk,Genderfluid,51.71.44.37
361cdf22-edaa-4b80-a57d-782948c44661,Erasmus,Buxam,ebuxam9m@ning.com,Polygender,199.238.183.179
57a4991e-5ffe-4f62-9ce6-50b009bb3b93,Anastassia,Durling,adurling9n@phpbb.com,Female,215.77.12.98
214ad5f3-241b-45a9-8586-158b1fab547f,Channa,Coxen,ccoxen9o@dedecms.com,Agender,248.153.46.111
f1b09deb-078a-42e3-b90d-8a36dd57a0ba,Verla,Broke,vbroke9p@washingtonpost.com,Genderqueer,118.100.120.224
1362d00e-3760-4285-89a3-2793c726c456,Gui,Place,gplace9q@bluehost.com,Genderqueer,119.135.126.222
05f5bddb-0653-4406-829d-4321b3078ec2,Ertha,Hum,ehum9r@microsoft.com,Male,230.102.204.231
ab926dc4-ec4f-4188-9938-425783b29979,Egon,Wiseman,ewiseman9s@forbes.com,Male,198.124.15.101
df2e037e-690a-46ce-9a91-0cecfa2b7148,Kahlil,Bettlestone,kbettlestone9t@ucsd.edu,Polygender,89.194.189.2
1575d949-e0eb-4bfc-9c50-82bae1fa00ef,Raven,Sullivan,rsullivan9u@instagram.com,Male,48.165.118.166
4bc9d439-7f55-46fd-9179-e849fd22525c,Hayden,Bantick,hbantick9v@loc.gov,Polygender,152.130.55.246
3774585f-5c37-4db2-bebc-c0cab7dcfb27,Tirrell,Moynihan,tmoynihan9w@hugedomains.com,Genderqueer,178.171.100.55
3deb0ac4-a6be-402d-9787-52231623ff9c,Nora,Giacomello,ngiacomello9x@sohu.com,Male,27.181.151.10
c51f155d-1d3c-4b86-b1dd-ebfb7874defc,Anthe,Zelley,azelley9y@jugem.jp,Polygender,236.55.197.233
f086ce6e-a643-4634-8fc8-ec1b7e4e8151,Jamison,Fynes,jfynes9z@google.nl,Genderqueer,185.255.218.3
6f030bbe-c331-40ca-9907-d5105b291692,Bondie,Jaouen,bjaouena0@devhub.com,Male,252.30.70.190
698e8429-9ce5-4fed-97c5-c1709384c70d,Lovell,Florio,lflorioa1@yale.edu,Genderqueer,58.8.177.42
0b01c5f4-d6e5-41b9-aea8-25a592706d31,Althea,Edridge,aedridgea2@goodreads.com,Agender,92.241.0.65
77a5f6d3-73e3-41f9-98f1-8e3462b83822,Hyacintha,Coghlin,hcoghlina3@berkeley.edu,Genderqueer,254.76.117.166
74a7a2f2-40bc-409f-b065-485a7fa97c23,Clarabelle,McKinn,cmckinna4@rediff.com,Genderqueer,198.36.12.171
ce43e28e-9a23-4e27-b976-c46033267865,Bancroft,Mingaud,bmingauda5@who.int,Polygender,109.91.80.185
7c9b4ace-3f63-496d-bafa-62a6c109f5fc,Christoper,Droghan,cdroghana6@naver.com,Non-binary,142.34.192.137
b3c8d9f7-b699-4a1e-b99b-56ba80952103,Alex,Dumingo,adumingoa7@cyberchimps.com,Bigender,185.66.87.253
5b18a299-579d-4ba3-8b11-3ff0436264e4,Christophorus,Malinowski,cmalinowskia8@noaa.gov,Non-binary,116.46.71.90
23c8127b-1eba-42cd-8247-eac520625cd6,Nobie,Reboul,nreboula9@homestead.com,Non-binary,70.241.193.46
35483d82-cb80-472b-a2c9-c9a39b55caf6,Leila,Tyce,ltyceaa@mozilla.org,Female,181.144.21.195
e9163dd0-d9a5-4a67-aebd-b01611162dff,Ramsay,Maro,rmaroab@smh.com.au,Male,149.134.150.138
13ba2b00-4ed8-40ff-94fe-abba0543c0e6,Blayne,Readitt,breadittac@stumbleupon.com,Genderqueer,113.185.227.90
8f784032-068d-4457-90f3-9c661f526fb5,Mead,Ghiotto,mghiottoad@parallels.com,Male,255.128.117.225
64eb41ec-412d-443e-bb5b-d13bf63e2fd4,Asia,Sarll,asarllae@nih.gov,Female,179.223.198.214
d38b6513-9844-4ebf-ab0c-2087a416da13,Jillayne,Sterricker,jsterrickeraf@omniture.com,Non-binary,32.98.80.40
6097d535-fec7-44ca-bfed-a8ca7ab630dd,Zonnya,Fogg,zfoggag@webmd.com,Bigender,240.104.11.234
3f393dae-bfad-4e63-9bc4-fb9fd80b445b,Far,Goligher,fgoligherah@amazon.co.uk,Genderfluid,45.238.98.243
b0d509c6-920d-43c3-9e11-2795b9929ca7,Sherye,Cleyburn,scleyburnai@clickbank.net,Bigender,84.232.223.17
32d70540-a551-43a5-b185-04d67f7307a2,Harbert,Cavet,hcavetaj@google.cn,Genderqueer,254.119.230.147
63ad0642-1344-4deb-8888-7b46c492d875,Jaquelyn,Danilovic,jdanilovicak@typepad.com,Bigender,81.77.110.163
70928aea-c4df-4af0-b771-c62069f8f6f4,Ker,Itzkin,kitzkinal@over-blog.com,Bigender,70.78.212.157
6d6dd916-0228-45a1-9c5c-ed5888fc8c43,Warde,Lintott,wlintottam@mlb.com,Agender,234.198.251.45
40687b60-0ec0-4824-9e62-76f63263abd4,Port,Elnaugh,pelnaughan@state.tx.us,Non-binary,193.123.81.103
f05c2c01-27bf-4763-9edb-0552b5e60f6a,Kikelia,Elvish,kelvishao@earthlink.net,Bigender,219.220.49.185
87556962-38ea-40a2-8db8-6a986436a3db,Kirstyn,Marde,kmardeap@over-blog.com,Polygender,34.235.171.227
510ce737-6b98-42dd-b78f-1f5f84ccc285,Ricca,Taplin,rtaplinaq@cmu.edu,Genderqueer,221.188.210.27
3f1538a0-7d97-41ca-9bea-41037673b3b7,Ariel,Witham,awithamar@bloomberg.com,Genderfluid,13.214.123.23
9caf0aef-ed31-4be6-b095-c886b5521421,Lavinia,Warby,lwarbyas@cloudflare.com,Genderqueer,49.97.203.123
6da2d57d-58d5-4562-bef9-82be781747c2,Seline,Sidden,ssiddenat@noaa.gov,Bigender,126.197.49.208
a3e5c85f-adf8-4741-a944-6e263b50e5ea,Blane,Joffe,bjoffeau@psu.edu,Genderqueer,196.161.31.130
136ba987-2955-4c5b-ae4e-043dfa3a5bfa,Tad,Lancley,tlancleyav@webs.com,Genderfluid,190.121.77.246
e88c8ba1-7b77-48a0-a3a7-69e5567962a8,Renault,Chazier,rchazieraw@twitpic.com,Genderfluid,122.46.207.57
fd488c2a-a604-4969-ab4e-6c3ec2bcd208,Riannon,Krojn,rkrojnax@phoca.cz,Genderqueer,54.32.41.93
d0e1bf3c-3913-4545-a0b3-c66b90cc7599,Alberto,Novill,anovillay@cdbaby.com,Polygender,178.210.150.143
37f32137-9b1e-4481-9571-9675721fc221,Elora,Deehan,edeehanaz@studiopress.com,Genderqueer,95.41.158.187
6b341b27-daa7-4f64-b2dd-21ed53357c05,Yoko,Stockman,ystockmanb0@economist.com,Polygender,158.146.85.31
3cf75a8c-3ede-4556-ab96-1a5e7490c1a0,Dian,Bediss,dbedissb1@gravatar.com,Agender,46.13.222.252
d1c7e49c-0c58-43f9-841b-b3b87a073c49,Tisha,Dowzell,tdowzellb2@indiatimes.com,Bigender,245.198.255.239
6cfa3673-3954-4680-884b-5ba4e81d22f7,Whitney,Lettice,wletticeb3@imgur.com,Agender,212.43.74.133
898a7521-d67a-4c47-b487-ecb3b83d8831,Bradley,Moon,bmoonb4@virginia.edu,Genderfluid,3.8.199.222
ffe53672-43ce-468d-a09a-3fff64548958,Cassi,Woolland,cwoollandb5@java.com,Genderfluid,211.2.229.204
4210aeff-f6be-418f-bf10-b0f0306f58bf,Anabella,Goldine,agoldineb6@hugedomains.com,Polygender,115.72.144.137
98422ae5-ffa7-4990-8c83-eda9d057bf5d,Florie,Huller,fhullerb7@ow.ly,Genderfluid,255.15.23.131
d302a582-04ff-4a1a-a91c-05ffd16a6e63,Kaiser,Barrington,kbarringtonb8@arizona.edu,Agender,254.4.235.26
de9886cc-6c46-4e09-a78c-b94c04e1af4a,Bree,Everley,beverleyb9@archive.org,Genderqueer,170.110.222.164
3641293b-a317-4e17-9118-cdf3520828d2,Dexter,Egar,degarba@uol.com.br,Non-binary,182.11.100.106
b2c16b9f-1be7-4d42-a61f-395294c6340d,Orsa,Fearenside,ofearensidebb@clickbank.net,Genderqueer,21.69.132.211
16fc9b57-9c0f-4c4e-843a-d5730bfaaf3d,Osbert,Tapson,otapsonbc@state.gov,Genderqueer,57.201.134.55
9c884b5c-aa85-48dc-b020-4e214cd62c17,Zane,Bonham,zbonhambd@nba.com,Bigender,218.24.112.145
e777f543-05f6-4baa-a702-6de57d134092,Charlotta,Gibbeson,cgibbesonbe@dedecms.com,Bigender,131.186.216.161
33c49af1-d9c9-47fd-8f19-5474b20cd32c,Alexandr,Barnish,abarnishbf@salon.com,Genderfluid,14.220.60.246
d9885023-f08e-4882-84cc-1d8299a8c1eb,Lillis,Plowes,lplowesbg@princeton.edu,Polygender,118.89.198.49
c77c696e-19cf-4089-832e-b2080f939ff2,Brandais,Bearn,bbearnbh@tinyurl.com,Agender,169.138.178.106
87a7b38f-fcfc-474d-b6bd-b751dfce182b,Nathalie,Lulham,nlulhambi@un.org,Genderqueer,70.205.159.32
82fbeec9-68e1-4a35-a07c-98551ca52683,Stanfield,Janman,sjanmanbj@hubpages.com,Agender,152.162.41.56
04afb2ae-2fc7-4ce5-8063-fdcd50cff412,Jackquelin,Pavlovsky,jpavlovskybk@patch.com,Non-binary,147.101.92.34
d71c156f-b670-4d93-9dd8-62c7ffb01410,Conant,Garbett,cgarbettbl@whitehouse.gov,Bigender,158.63.218.252
50222432-93b3-4cb5-a837-7f616744f213,Hans,Blacklidge,hblacklidgebm@amazon.co.uk,Polygender,212.147.194.54
734d8513-046e-4fe0-b63c-f89673bf6a87,Lauritz,Metham,lmethambn@cafepress.com,Genderfluid,140.122.184.22
52e011ab-b135-4082-a16f-52f021c71ae0,Ogdon,Arrington,oarringtonbo@ebay.com,Genderfluid,43.253.22.165
4f86a101-63f1-446c-b439-cc3e8c6c2c35,Valencia,Poad,vpoadbp@wsj.com,Polygender,237.185.66.235
4a5e91c9-0a8b-4429-a87d-e13e096407ef,Dyanne,Thorwarth,dthorwarthbq@buzzfeed.com,Male,164.182.28.58
8bd1acee-a3f0-482c-9401-3a0a8ebda951,Brandie,Moodey,bmoodeybr@mapquest.com,Male,92.72.250.77
a973e404-a96e-4a19-8ec1-72814258f7ff,Levon,Forshaw,lforshawbs@un.org,Non-binary,26.1.39.37
741bcf46-7e8a-4c3e-a331-09f4d977a607,Hestia,Segges,hseggesbt@umich.edu,Male,100.175.31.144
001318fa-d812-4f2b-9222-a439c264857e,Glen,Windham,gwindhambu@github.com,Bigender,60.6.165.221
91d4a3e0-ad72-4130-a662-e1ecf6c665a2,Norean,MacCoughen,nmaccoughenbv@geocities.jp,Polygender,109.161.247.232
7b5fa434-87dc-4fdf-afe9-680d7b132d87,Marie-ann,Ventris,mventrisbw@joomla.org,Non-binary,46.201.223.1
140b5334-2e77-4715-816d-6ff6798ed5e6,Noe,Haythorn,nhaythornbx@ucsd.edu,Agender,143.53.108.241
55fa40a3-1240-44d6-8350-bc8f8c4b0fb1,Lorenza,Borthe,lbortheby@lulu.com,Agender,225.20.188.1
26187b65-e752-4f29-8977-c0bd243b6316,Mandi,Stitle,mstitlebz@cocolog-nifty.com,Polygender,51.234.68.74
d94fc129-1e47-48fd-b46d-320df72869ed,Bondie,Lazar,blazarc0@blogger.com,Female,163.208.0.194
fc3370cc-e162-40f9-b45d-87e1fcf55298,Batsheva,Haglinton,bhaglintonc1@apple.com,Genderqueer,152.49.214.21
b750a900-22cf-4d35-8dfa-16668cae50b6,Enrichetta,Shoulder,eshoulderc2@wikipedia.org,Polygender,190.27.163.164
510713f1-94f7-4410-8c14-0b9fcbbcd7a6,Shirlee,Gilliat,sgilliatc3@nytimes.com,Non-binary,49.0.198.211
b245ad3e-2fa5-46f5-a0ce-2bb6a894ccf6,Glynda,Ruddoch,gruddochc4@japanpost.jp,Polygender,38.203.170.136
f045e7e9-fd67-40bb-848b-8084d5a8b2c3,Izak,Lorkins,ilorkinsc5@sphinn.com,Non-binary,72.90.7.26
7b18b4db-e1bb-4337-a3f8-172e590e7249,Melosa,Adderley,madderleyc6@cornell.edu,Genderqueer,84.110.229.220
e16dc2ca-1a16-4ccd-b0aa-8976b1751efe,Lindsay,Huddle,lhuddlec7@zdnet.com,Genderfluid,251.135.94.95
db4fc3c7-c0cd-4638-9d95-ea9d5702dbcf,Tierney,Kindall,tkindallc8@army.mil,Non-binary,18.81.241.229
71c326ea-2ae6-4935-a0ca-b1a0d07c499b,Seline,Bulloch,sbullochc9@hexun.com,Agender,120.146.125.200
6db568a9-1c3c-42da-b61c-412fbfc25dbf,Tripp,Trayes,ttrayesca@about.com,Agender,65.245.169.197
63ca4cfe-4051-46a5-85c0-3c2d6e609bba,Krispin,Lehrer,klehrercb@slashdot.org,Genderfluid,142.85.119.39
296eb8d6-067e-4cf3-a314-a74321a271ee,Vanya,Brassill,vbrassillcc@acquirethisname.com,Agender,184.35.176.238
be548bc1-bf1a-4418-b191-0224defe53ca,Elysha,Bullcock,ebullcockcd@cdc.gov,Agender,196.217.128.192
056e5fa8-82b8-4561-8478-ca31fd0c963e,Abbi,Spieght,aspieghtce@ibm.com,Polygender,149.134.204.210
def4f366-6fea-4459-8264-ceb552fcbdf8,Kerry,Basindale,kbasindalecf@godaddy.com,Male,66.119.49.104
e44070d1-a2fd-4fb2-8446-d0e7e5041be1,Fawn,Sustin,fsustincg@prweb.com,Non-binary,51.235.130.81
56d488a1-6dee-453f-bb56-2b7e1728a568,Cesya,Glyde,cglydech@a8.net,Non-binary,45.111.158.0
ef4c3e93-5085-40da-8e84-4086a0fc57f6,Kristy,Budibent,kbudibentci@desdev.cn,Genderfluid,107.55.13.174
efd5daf3-45ed-41e5-9882-d6c1fd1a4d05,Meridith,Ridhole,mridholecj@dedecms.com,Bigender,160.57.242.13
67960ba2-846d-4238-b5e9-f6fdd639b51b,Dulciana,Boodle,dboodleck@unicef.org,Genderfluid,171.187.175.160
ef536a77-dcdd-4eaa-95f5-20dec438bbba,Konstance,Donaho,kdonahocl@printfriendly.com,Male,13.128.220.52
26225974-2579-4231-8903-cc6ee939bff1,Nanice,Saveall,nsaveallcm@bbb.org,Bigender,164.169.195.44
f459aa39-d3c1-48ba-9232-a1adb8d554af,Nathanil,Magee,nmageecn@epa.gov,Bigender,174.222.141.79
6959d3b7-621c-40ad-92f8-0646b88fed5e,Percival,Redhead,predheadco@flickr.com,Genderfluid,210.63.155.143
be081748-e47f-4384-9723-0a7abc079184,Florencia,Braidon,fbraidoncp@studiopress.com,Non-binary,104.18.121.86
1a4c4558-8b64-45fe-a919-8b6f0dffa309,Base,Fake,bfakecq@ow.ly,Bigender,106.165.124.214
d224d5b5-4bb8-406d-b034-047eb65ab6ef,Kendell,Hightown,khightowncr@spiegel.de,Female,51.175.127.194
6ba7180a-ce30-4e0a-b699-913130957172,Micah,Janca,mjancacs@github.com,Genderqueer,111.80.82.176
dcaf3a0d-6fcd-4bd0-b708-95e34320a7bc,Elisabetta,Bucktharp,ebucktharpct@spiegel.de,Genderfluid,197.126.128.113
f6e7b61d-e9cf-429a-8db7-c671d34c0c1f,Cecilius,Zannini,czanninicu@weather.com,Polygender,98.221.44.56
1593bf34-30eb-4d05-850e-2da6a802d629,Glyn,Sambeck,gsambeckcv@fc2.com,Genderfluid,150.0.223.161
877b0551-dd68-4b45-b53f-85277764a79b,Kellyann,Castleton,kcastletoncw@slate.com,Genderqueer,215.196.250.86
025783a5-0583-43c5-b275-c8014bec5afa,Minda,Notton,mnottoncx@gizmodo.com,Polygender,94.142.153.129
7ce5476f-3ae6-45ff-98c5-94a383cb79d0,Cobby,McQuorkell,cmcquorkellcy@reuters.com,Polygender,217.247.99.116
e824e620-9ad0-4534-a6ce-f46055aaac2e,Charlotte,Rounds,croundscz@lycos.com,Bigender,117.136.48.173
894176a6-295f-4863-b984-ec6f594ca57e,Frederico,Dowson,fdowsond0@mapy.cz,Agender,190.238.29.53
782a70c7-3d8d-4ba4-95b6-e27071db08a9,Mabel,MacBean,mmacbeand1@spiegel.de,Bigender,201.151.104.240
c3d4e85d-4343-4456-bb9d-1f06cc724cf2,Noemi,De la Perrelle,ndelaperrelled2@live.com,Bigender,186.205.10.142
12100b7a-7eef-48a0-bd91-70047cf22ccf,Hillard,Vedeniktov,hvedeniktovd3@va.gov,Male,2.152.25.146
aae191ee-fd35-4650-8ae8-99aae39bd7bf,Hillyer,Rudkin,hrudkind4@ow.ly,Genderqueer,59.195.18.169
569f293b-a6df-4fea-843c-22de86844952,Rodina,Durning,rdurningd5@booking.com,Non-binary,109.38.95.97
70430e8f-c768-4337-a4af-48612be7a639,Kendra,Beevers,kbeeversd6@pbs.org,Agender,65.122.128.13
d9ce5b9e-a70f-484a-8782-2e7688f5c354,Dalis,Briddle,dbriddled7@1und1.de,Bigender,117.37.61.248
0b6cec5c-c93e-4937-8e7b-3e64c2ac42de,Galen,Yellowlea,gyellowlead8@blogs.com,Male,194.105.221.183
1acbb221-84f7-43ab-a267-47b52900d300,Minetta,Van der Beken,mvanderbekend9@myspace.com,Bigender,163.44.156.120
7800ffe9-582f-47e8-8c14-1e5b59efe765,Shandra,Prene,spreneda@apple.com,Agender,116.170.181.175
5adddf21-b2e6-4e28-ac61-6a00ab78804c,Thorny,Schaumann,tschaumanndb@histats.com,Non-binary,49.156.203.70
20a0d678-0a9e-44f4-8cd8-d01cffc1ddd0,Bran,Ingliby,binglibydc@sfgate.com,Male,151.235.94.210
5f68cc21-1225-4ad8-85d7-6ef68632bb64,Reagen,Matteotti,rmatteottidd@pagesperso-orange.fr,Genderqueer,153.82.18.241
3e326603-6086-4559-80fd-4b921cf53fb8,Seth,D'Acth,sdacthde@photobucket.com,Male,131.22.169.95
19102bc1-1013-4b36-8282-5a137a55f22c,Ransell,Klemke,rklemkedf@tinyurl.com,Bigender,26.109.254.32
9a6845f0-d4cc-49fe-8c32-5cdccf38450d,Dinah,Dowzell,ddowzelldg@google.es,Bigender,96.235.139.5
0135c762-56fd-4689-b24b-f5bf7ec1c1aa,Jen,Bruhnicke,jbruhnickedh@virginia.edu,Genderqueer,247.85.189.136
95fb14b5-2f4c-4981-8c8a-990359653395,Beniamino,Skipsey,bskipseydi@sakura.ne.jp,Agender,50.196.246.151
4f6f3e86-213b-4c55-afbb-9abbe32e65e9,Catha,Cubbini,ccubbinidj@time.com,Bigender,249.174.95.179
1b62d767-dcf1-464c-aa2a-0bf5942cf6f3,Benjie,Foch,bfochdk@trellian.com,Polygender,21.244.54.208
acf4650b-b135-4f6d-9e29-76677bd779eb,Wheeler,Blague,wblaguedl@xrea.com,Male,240.234.97.209
2d419317-a9ba-4b76-850f-1972b2bb0b8c,Branden,Charrette,bcharrettedm@booking.com,Bigender,210.6.119.241
d3c45850-0617-4707-9393-dd13ba15ac6f,Ami,Havoc,ahavocdn@sun.com,Female,56.7.81.43
3085b4f6-9eb3-417c-9536-1e5e3fcfa10e,Shepherd,Rocks,srocksdo@ftc.gov,Agender,145.11.130.245
e1bf9f46-51cf-4e27-973d-160fc35a2124,Malynda,Dykes,mdykesdp@shop-pro.jp,Agender,170.97.46.106
fff588ac-f38b-4c06-b5cc-8868de096759,Kris,Sirkett,ksirkettdq@wix.com,Bigender,240.235.34.232
d4265543-244c-4be3-aeda-ae413d3a449b,Timofei,Patterson,tpattersondr@skyrock.com,Polygender,131.57.61.34
a6f00225-02ca-4150-9139-a979c271d9bd,Bobbee,Allnutt,ballnuttds@pen.io,Bigender,216.252.36.23
3b3853e4-4e55-464b-a255-a3b4612ce745,Nicolas,Francesch,nfranceschdt@wp.com,Genderfluid,196.132.171.75
e8d602ae-4258-420a-881a-46d319bf6530,Laetitia,Clipston,lclipstondu@mail.ru,Agender,232.138.248.108
b259b61e-5642-4e55-b49e-e756a2fb7acb,Mable,Kinkead,mkinkeaddv@geocities.jp,Genderqueer,13.57.193.191
50315f1d-a2fe-4d13-bd7a-f36fd55f5506,Edouard,Casson,ecassondw@wikia.com,Bigender,161.3.88.231
d8a94b1e-ca9d-4ba5-9ee3-5ad73561c508,Allen,Skerratt,askerrattdx@constantcontact.com,Male,206.144.31.112
375bde98-7b09-4c35-bb10-1e3de5be5c25,Israel,Kaesmakers,ikaesmakersdy@wordpress.org,Agender,109.238.212.89
25d6b3d6-4ba9-4081-a494-76c324e1712f,Hashim,Lincke,hlinckedz@diigo.com,Bigender,21.185.180.132
684181f5-0314-42f4-b62a-5d2d865750c0,Remington,Hendin,rhendine0@ucsd.edu,Genderqueer,58.85.92.202
50a4893b-8814-4b49-b85a-743bcde550b0,Vanni,Annandale,vannandalee1@nature.com,Male,99.140.125.4
99ea4b29-4c4c-49d2-91ae-d0877b71d8ee,Granville,Tittershill,gtittershille2@wunderground.com,Genderfluid,52.132.57.112
1d0440c9-fa5d-4fb7-90f9-33299d98d3c5,Auberta,Galland,agallande3@arizona.edu,Bigender,173.147.56.200
362f27e8-492c-41f7-97dd-f30590c5d4bf,Aldus,O'Crigane,aocriganee4@paginegialle.it,Bigender,64.177.80.226
d7971637-4925-473d-975f-516792b40eec,Merv,Heaviside,mheavisidee5@gnu.org,Non-binary,221.43.83.29
399d766f-166c-4fa0-967f-a49f769b5304,Donaugh,Lavin,dlavine6@java.com,Bigender,4.235.55.221
99240b44-e4fa-4d3a-9ff7-2fcfbb494c71,Broddie,Maunton,bmauntone7@hexun.com,Agender,35.108.27.157
496907b8-c4cc-4048-b994-dac9043b2fa9,Beau,Abbet,babbete8@hao123.com,Agender,228.158.231.235
48ca3c8a-fb51-46fb-8d60-6dccaa16e2a3,Theodora,Midlar,tmidlare9@fda.gov,Bigender,14.214.49.92
0ed4e30d-2d22-45f4-b918-a27f67613c93,Carroll,Leathem,cleathemea@yandex.ru,Genderqueer,75.105.237.154
ee71da25-334d-4a8c-994a-6e6931eb00c8,Lynelle,Blomfield,lblomfieldeb@facebook.com,Genderfluid,182.123.28.237
9c79cc81-956d-4c6c-84f6-033297179a83,Ahmad,Jeacocke,ajeacockeec@howstuffworks.com,Male,114.27.188.60
5e61daab-c924-4163-b92a-189dac5f04c2,Vasily,Grint,vgrinted@yahoo.co.jp,Agender,101.26.8.121
19015fc5-7d67-4559-8fc3-678a25e7171f,Lemmy,Traut,ltrautee@ning.com,Bigender,220.44.144.28
8a63e383-8673-4333-94f5-d91784c957fb,Pinchas,Lampel,plampelef@weibo.com,Agender,219.66.141.197
52fdeada-85be-4d90-b85e-b2a650e23c83,Tirrell,Callard,tcallardeg@lulu.com,Bigender,72.45.2.53
3c8720ed-ca7d-4822-89c2-15e8e83e5f26,Chuck,Richly,crichlyeh@boston.com,Polygender,217.38.88.154
1f65bc8f-70fd-49b1-a2bd-6af70d0ba4ef,Estell,Hedden,eheddenei@ow.ly,Bigender,182.21.214.32
243b1bee-e2a2-4072-8bb4-6ed8680f113e,Mace,Boagey,mboageyej@jimdo.com,Polygender,86.43.83.211
9ec4781b-3af7-4023-8976-45f436ad6d09,Bendite,Brandom,bbrandomek@chron.com,Male,247.41.123.21
90c2eed5-62cb-4fcb-944d-1ed4a83232b6,Stevie,Everall,severallel@ameblo.jp,Non-binary,221.88.108.140
a8f19fb9-437f-425c-83b1-4a00af30e57a,Tedi,Margrie,tmargrieem@yahoo.com,Male,108.107.123.113
a78899c5-462e-4ce2-bc42-2e898e61b3bc,Mitchael,LLelweln,mllelwelnen@w3.org,Agender,41.205.251.135
1bf1d5b4-9223-4330-92d9-afed59d7456a,Gavrielle,Canfer,gcanfereo@php.net,Genderfluid,3.47.115.10
26b1aabd-1501-4467-b24f-283b0df16792,Lela,Paten,lpatenep@miibeian.gov.cn,Non-binary,5.201.66.204
510c2ec4-bb90-460e-8cdd-2e7e20cf8f3c,Eileen,Wealleans,ewealleanseq@mediafire.com,Polygender,49.62.196.163
1480dab5-cbf8-446a-967d-02394cdc372f,Logan,Simkiss,lsimkisser@qq.com,Polygender,40.219.2.106
11a2542c-44eb-4124-914a-5da822c3dd91,Nanon,Matantsev,nmatantseves@infoseek.co.jp,Agender,119.43.99.6
c9c60b50-7a67-47c9-b4ec-0aa2b9a12e1b,Roanna,Kimblin,rkimblinet@hao123.com,Bigender,60.172.229.53
c979a8ce-1361-420d-99fe-7394cb4194ab,Bartel,Jacobbe,bjacobbeeu@histats.com,Genderqueer,198.191.180.151
2ce6f19e-e00e-4938-adc7-ca61b6113bb6,Cassandry,Nesterov,cnesterovev@liveinternet.ru,Genderfluid,243.189.100.233
8fd5e68f-8073-4987-810a-41a0e86bfb76,Shana,Surgenor,ssurgenorew@goo.gl,Male,219.22.78.91
199fb9ff-bf4d-4b64-9d7f-783edb8908d8,Wang,Webben,wwebbenex@imageshack.us,Female,57.18.162.158
1256bd26-cee2-4f97-b648-9eaff2a5dacb,Lorenzo,Slyne,lslyneey@berkeley.edu,Bigender,254.189.25.93
43bf098b-f063-40cc-94c9-eaba57134bd7,Loren,Liversedge,lliversedgeez@wired.com,Male,224.45.122.247
78330085-f1c5-466c-938d-6d152fcbe64c,Norean,Craw,ncrawf0@washingtonpost.com,Non-binary,142.104.38.95
072ab044-ec15-4dce-8f3a-b91133b32c32,Laryssa,Sibylla,lsibyllaf1@1und1.de,Genderfluid,240.238.162.235
f028afcf-1d7c-4011-add7-c45a5c3d89b9,Danie,Ledgeway,dledgewayf2@timesonline.co.uk,Male,87.209.26.3
8cc7ce4b-71c8-4a6e-a2e2-8d0d57000adb,Yuri,Saice,ysaicef3@oakley.com,Female,251.165.243.32
d964057e-7b2b-48b5-abb5-d39099f0c2e9,Karoly,Deniske,kdeniskef4@com.com,Non-binary,92.227.212.108
74eac722-1c1a-42b4-ae3e-0c2ea233e4d9,Linette,Southam,lsouthamf5@deliciousdays.com,Male,60.179.169.178
9e5fdffa-6c0b-46b2-b2f2-3e1a1252e957,Demetre,Stife,dstifef6@chron.com,Agender,13.113.213.240
a20fcbb2-440a-47ce-bb28-f76138666e17,Cass,Bolzen,cbolzenf7@purevolume.com,Male,146.96.26.33
df70ed72-259e-442a-b4d2-6cdcdcf5b107,Katie,Jaskowicz,kjaskowiczf8@imgur.com,Agender,14.141.130.174
c179f2c2-ae99-4ee6-8ecb-d23e1ccd5c0c,Ryun,Peerman,rpeermanf9@cpanel.net,Female,171.8.240.182
b378961f-c2e5-4d57-ac89-b76f542c4d3b,Lurlene,Bonnin,lbonninfa@trellian.com,Bigender,100.127.13.98
695df827-5085-43e0-8a5a-e802651c9b26,Lois,McBeith,lmcbeithfb@weibo.com,Agender,197.207.229.11
f7a1aa44-3a06-41e1-95f9-51332e52fb0f,Munmro,Finlayson,mfinlaysonfc@alexa.com,Female,219.129.223.159
1e83d624-f614-4609-907d-e20afbbd9d38,Bondon,Willers,bwillersfd@discovery.com,Non-binary,161.205.124.122
10ce956f-4462-451d-a396-118b2d352aae,Floria,Oen,foenfe@sphinn.com,Agender,104.116.191.35
eee1dec0-8bdd-43a4-a345-63afeb6339c2,Skelly,Townsend,stownsendff@unblog.fr,Genderqueer,76.138.135.93
2f2e9764-57a6-4cf1-8845-bad7e85eba56,Lazarus,Burberry,lburberryfg@freewebs.com,Polygender,61.25.197.135
67fba625-2217-4d65-a899-16a5e2e945ac,Kendall,Vigours,kvigoursfh@quantcast.com,Genderqueer,85.194.86.42
36c8d8bc-30ff-454e-a16d-546fba8fe1e4,Celestyn,Edling,cedlingfi@smh.com.au,Female,245.123.204.19
b440dd20-3b90-462d-b414-63f1ea9cd7c9,Tine,Bunning,tbunningfj@desdev.cn,Genderqueer,167.101.144.192
546b44e6-bf5c-45c9-ab20-7953fc56ae87,Alwin,Naulty,anaultyfk@google.com.br,Male,71.83.2.160
aaf579f1-169d-4387-abaf-915befb527c5,Godard,Morrow,gmorrowfl@house.gov,Polygender,171.166.70.197
3f5e2d4c-f387-4170-b8a9-a0420d324350,Gabriela,Breddy,gbreddyfm@ox.ac.uk,Male,167.79.168.181
4a058cc3-4a4d-4b91-8c28-455000d075ff,Tamas,Jados,tjadosfn@cnet.com,Polygender,130.159.124.77
63d2b186-a49f-4d27-860e-69a9f65f8a13,Mike,Checkley,mcheckleyfo@aboutads.info,Polygender,200.242.7.204
7e894def-f488-41c9-aa3d-e9dc2a1a17e6,Merle,Bakewell,mbakewellfp@squarespace.com,Female,80.239.11.129
189db495-6d3e-4364-bfb4-2e593e52be9a,Frederich,Pretswell,fpretswellfq@multiply.com,Genderqueer,91.68.16.57
994e76e3-b7a9-4233-8b0b-66953ed26567,Les,Breheny,lbrehenyfr@4shared.com,Bigender,97.97.138.242
f774443b-c1a2-4b64-bf2b-5a95add7cdee,Tiphanie,Spofforth,tspofforthfs@msu.edu,Bigender,174.67.102.96
514be415-f693-480f-881f-63e7472ceab1,Mordecai,Brisley,mbrisleyft@cnbc.com,Polygender,25.140.98.165
ac0f1c12-6324-46f9-aae0-3df15c4cf832,Cissy,Klemke,cklemkefu@spotify.com,Polygender,157.175.65.201
54edf939-55ae-4017-b089-77862bc184b6,Barrie,Wrangle,bwranglefv@columbia.edu,Bigender,73.205.36.210
1e7e48bc-e5ab-41c5-b0b5-c5430a4402de,Aluin,Summerlee,asummerleefw@technorati.com,Agender,71.147.55.155
9dfc2c4c-0816-4336-9b08-fe33822cf53b,Delly,Durnall,ddurnallfx@uiuc.edu,Agender,176.150.222.125
b800f850-ff70-4d79-abd1-7c5266e37a6b,Almira,Orrell,aorrellfy@bizjournals.com,Female,20.212.100.29
90b6c07c-1d08-4178-b4cc-170337f0b8dd,Fifi,Mularkey,fmularkeyfz@dion.ne.jp,Non-binary,200.69.168.2
52e10e7e-47d5-4f01-8056-ea52b7b5dcf0,Karita,Pagan,kpagang0@salon.com,Bigender,110.212.39.164
c1685a8a-bcdc-45f3-a912-138c50109f6b,Luz,Jekel,ljekelg1@princeton.edu,Non-binary,165.166.177.211
ffce6062-007c-44d6-b427-da1869bf0022,Basile,Joubert,bjoubertg2@youku.com,Bigender,145.177.117.54
1b73108d-0853-40ff-96eb-1b1b5df07c93,Lucien,Trowell,ltrowellg3@phoca.cz,Polygender,164.144.228.59
d6e1a369-8f7f-4934-992f-7322cab63456,Evyn,Wennington,ewenningtong4@elpais.com,Male,144.218.39.99
89efe648-a986-4ebc-8403-c202576416b4,Ludvig,Youles,lyoulesg5@infoseek.co.jp,Male,27.104.229.220
64d791d5-8cb4-483d-b0d1-e9dddfcb1ee1,Leroy,Guiot,lguiotg6@freewebs.com,Agender,210.146.220.146
75f732d3-fef7-4b30-b9a5-b36c8fa28ae9,Dorie,Atterley,datterleyg7@salon.com,Polygender,6.225.126.52
f8414bbf-c7ab-4542-9423-f9d4deaa2f7d,Sheri,Jehaes,sjehaesg8@biblegateway.com,Male,72.193.9.98
9f44bba9-f0f4-4214-a9f4-4d9af80b1e15,Charis,Roggero,croggerog9@rakuten.co.jp,Genderfluid,119.252.14.215
9dab567c-4fdd-4e1e-8c23-3f9ff8413654,Friederike,Lezemere,flezemerega@quantcast.com,Bigender,15.222.235.27
8f5bf3ff-27a8-476e-a151-a4c9991af06b,Gian,Hinken,ghinkengb@netscape.com,Agender,203.141.56.185
175cfb5b-8768-4c40-9865-d4db26a3481a,Raine,McGlew,rmcglewgc@lycos.com,Polygender,91.183.135.207
66fc5982-eae1-4999-a097-a89193cfa87a,Richy,Davidovics,rdavidovicsgd@gravatar.com,Genderfluid,64.253.150.42
c2c2faa9-09a6-4e80-b911-3c9078af9959,Hesther,Ledgerton,hledgertonge@prweb.com,Agender,183.53.255.212
1256ef34-0f34-4cba-a9af-cf316c778551,Archer,Tullett,atullettgf@squidoo.com,Polygender,44.43.206.205
b9f6775e-9988-479b-ba54-75b616c9c5bc,Rowena,Levet,rlevetgg@msn.com,Non-binary,65.98.189.152
3bc077f8-09b2-4509-bf32-ceac5e37bf63,Andris,Wharin,awharingh@netvibes.com,Female,99.140.117.167
cee44cf8-3d75-4efb-90fc-1f9b3795066a,Burch,Newbury,bnewburygi@cnn.com,Bigender,150.228.182.49
86d7e097-9632-4957-bf5e-e0105ec272a7,Gretel,Sawford,gsawfordgj@blinklist.com,Polygender,0.219.59.152
c04dbc87-258c-477a-9dd4-f9c7d027c959,Allister,Seacroft,aseacroftgk@symantec.com,Non-binary,248.28.69.65
8c7e6796-fa94-4057-aee1-34dad796a558,Kenon,Kelk,kkelkgl@parallels.com,Genderfluid,160.195.223.61
00b0825a-3dd6-4859-964e-c182c88015e6,Audi,Spon,aspongm@wikimedia.org,Non-binary,115.112.126.138
e02e3cf3-60f2-49d6-a7a0-a0d48de91daf,Rozalie,Wolfart,rwolfartgn@buzzfeed.com,Genderfluid,245.137.54.167
ea1d2eae-b064-4b5a-9d47-0623618a8ffd,Bowie,Merwe,bmerwego@goodreads.com,Polygender,90.101.70.209
1e12a438-0094-4424-9566-189af32862be,Brook,Keston,bkestongp@columbia.edu,Female,116.170.148.188
542258d3-f4b4-4f54-a5ef-4a1d7ebd78b5,Joya,De Maine,jdemainegq@storify.com,Non-binary,78.112.192.233
ccb669c7-2869-4c1f-9c90-0e6228f3bce6,Demetra,Goldhill,dgoldhillgr@digg.com,Polygender,202.103.158.240
60459121-c5f2-4e8b-bdd8-87c6a7fe9f1f,Durante,Mordie,dmordiegs@infoseek.co.jp,Female,13.65.216.232
2a426ace-b5be-41f4-92d3-f2c3d6be6c37,Parsifal,Abdon,pabdongt@bing.com,Male,209.180.39.239
7b70320d-b634-4a38-adec-39f2793fe8e7,Marv,Dentith,mdentithgu@salon.com,Male,13.231.111.169
d8e17bf9-cd3e-4b6f-bbf9-fb102a672b21,Michaela,Ferie,mferiegv@bluehost.com,Genderqueer,177.101.7.74
eab61698-9f2c-4283-a110-080683d32bed,Norah,Oldall,noldallgw@soup.io,Male,114.128.59.98
76ea5bf2-d11c-46e2-a2d7-52b2bb43e118,Herminia,Locker,hlockergx@vinaora.com,Genderfluid,148.53.136.77
3c4dc71d-ee68-4dad-b8c6-f0a1d1f94db4,Mignonne,Delgardo,mdelgardogy@washington.edu,Genderfluid,221.124.147.8
2a76a6a7-b06b-4304-8898-da97aa4e5b88,Gui,Bilbie,gbilbiegz@google.de,Genderqueer,134.29.243.64
09a2bb55-17ca-4b6d-bf4a-7e981c7c7712,Rustin,Brophy,rbrophyh0@constantcontact.com,Male,248.98.34.137
2f5b4b79-f076-4553-8769-e887b0eddc08,Robinet,Prettjohn,rprettjohnh1@hp.com,Agender,107.37.246.132
6e6d533f-7fe7-4df4-a74a-cbba8cc6718a,Catherin,Goldup,cgolduph2@gmpg.org,Polygender,228.127.66.183
82dbdd23-b9e3-49c4-97fe-33c0fee8e69d,Belita,Lanbertoni,blanbertonih3@unc.edu,Polygender,222.18.114.15
08e4a923-edde-4719-a18d-57623f29bd5c,Lilas,Vaisey,lvaiseyh4@telegraph.co.uk,Male,40.32.103.168
f313a46a-71c4-4846-9393-1cc1a8cdb77a,Dorice,Vaughan-Hughes,dvaughanhughesh5@hostgator.com,Bigender,129.26.19.7
e8df1117-16d5-459d-a34f-183318dc0a53,Janis,Salamon,jsalamonh6@cornell.edu,Bigender,173.134.193.185
b97ec7bb-e5a3-4cc6-aafe-406957d1c9a3,Lamond,Eckhard,leckhardh7@odnoklassniki.ru,Polygender,142.218.145.94
47d93d90-6933-453d-8c23-714315ee6cd4,Reg,Felix,rfelixh8@wordpress.org,Agender,149.9.170.221
46584319-23f1-4d66-b6e4-32b443d9fd8f,Ally,Ffoulkes,affoulkesh9@elpais.com,Genderqueer,247.183.79.106
3773e6f9-d8af-4e07-82d6-d494c133ff9f,Margareta,Palmby,mpalmbyha@statcounter.com,Genderfluid,97.208.158.10
b518a219-f7da-4750-b1e6-a89700b96339,Engelbert,Gonzales,egonzaleshb@wufoo.com,Polygender,171.232.155.3
e5ec916f-4b25-46c9-86df-837bac8869f8,Rycca,Carillo,rcarillohc@wp.com,Male,210.80.113.147
787d0698-c306-4455-81df-9d8481a41942,Marlena,Vice,mvicehd@ebay.com,Agender,90.134.103.203
8a32c2f8-cc86-4544-a5d7-820d3fa56843,Elisa,Lyffe,elyffehe@mtv.com,Agender,87.182.61.33
8d5b81e3-8160-421b-a249-43638aef2023,Iain,Sarfatti,isarfattihf@weebly.com,Genderfluid,119.143.251.29
694da4ed-1223-4e49-bbb7-b23b6c1eba2d,Celene,Pearsey,cpearseyhg@youtube.com,Polygender,98.105.86.165
d44f27cf-5b08-4a10-955c-937eb510c2e0,Dacia,Padfield,dpadfieldhh@shop-pro.jp,Female,54.118.151.27
61006290-6966-4b08-83f6-b89153796a79,Hyatt,Calbert,hcalberthi@163.com,Genderqueer,236.184.5.92
1e5bd1af-f738-46e2-afc1-7ac89e8f22d2,Ignacio,Shire,ishirehj@uiuc.edu,Bigender,252.219.15.50
1d3b16cc-1b97-4921-ad40-d52587d15ad5,Lauri,Barry,lbarryhk@smh.com.au,Genderqueer,119.204.30.176
b9f20e34-7d8a-4e68-9d7a-b1fc2f37a48f,Meier,Creech,mcreechhl@typepad.com,Polygender,208.147.46.194
0269602a-5968-437a-98b4-292c0468957f,Kincaid,Darridon,kdarridonhm@google.com.hk,Male,59.221.15.231
c6d3857c-4859-446e-b862-e01031217bb0,Gerianna,Pigeram,gpigeramhn@loc.gov,Non-binary,118.36.22.207
98a84bc3-7243-4001-9d27-9b36e23e9ce4,Alisa,Fenne,afenneho@multiply.com,Genderqueer,172.54.110.201
8c6cd970-a82c-4feb-b11d-0d0c7fd470d5,Cody,Spellessy,cspellessyhp@google.it,Polygender,223.131.69.227
aebdf6f3-8b2b-42ed-a791-61f300ece519,Simmonds,O'Hickey,sohickeyhq@ezinearticles.com,Genderqueer,122.235.107.142
bfe87d12-cc3f-4e30-a613-afd82ec6d740,Blanche,Dufaur,bdufaurhr@pinterest.com,Bigender,90.153.15.36
f76e5f76-3484-4f33-bb98-564e7ac2f2f4,Barton,Tanby,btanbyhs@soup.io,Agender,154.71.75.92
20867969-a6a2-4311-9f69-d81358bb3876,Gordon,Temblett,gtemblettht@tamu.edu,Female,210.127.92.215
2b272723-f115-4198-b80b-5ab0f64877d3,Nanette,Anear,nanearhu@oaic.gov.au,Male,39.118.74.155
7e52c75a-ade0-483f-8244-54065bb90235,Modestine,Mazillius,mmazilliushv@tumblr.com,Non-binary,93.237.243.194
dacc44bf-7ee6-41d4-95c2-b316598a2adf,Tania,Yearby,tyearbyhw@csmonitor.com,Genderqueer,37.220.192.217
360595d3-8b10-4cef-8f18-aae78639c9bd,Gibb,Maciunas,gmaciunashx@phpbb.com,Male,237.30.132.1
42b48e66-7a20-46c1-ae76-4db7039314e6,Katherine,Gossage,kgossagehy@narod.ru,Female,14.19.129.43
f46fcbb9-7270-46d5-abe2-393a2e90699d,Olympe,Colquhoun,ocolquhounhz@mtv.com,Female,52.21.136.21
fbeb4580-2307-4e75-8d68-e0ea6db0dd61,Hermy,Millbank,hmillbanki0@omniture.com,Male,53.166.9.12
55d6aa32-4bf1-42a1-8999-a3b711e565c5,Norris,Stayt,nstayti1@toplist.cz,Polygender,209.132.158.85
40ca7155-d4b4-4ac7-b71f-d5572a80ea9c,Chicky,Jorden,cjordeni2@jimdo.com,Genderqueer,204.133.202.120
83d50593-a555-4dce-9673-f7f631dfa1ea,Natalina,Attreed,nattreedi3@cbsnews.com,Agender,223.210.56.31
24642157-0013-43cf-a58f-5d22acb433bd,Hermy,Binyon,hbinyoni4@ocn.ne.jp,Male,88.237.248.40
358f49e0-a5f1-443c-914a-7a750c849852,Johann,McInnes,jmcinnesi5@cloudflare.com,Genderqueer,226.177.47.216
42e1e4c0-ec51-44cd-ab65-50e3e8b81d36,Pooh,Rhyme,prhymei6@twitter.com,Bigender,29.252.62.45
fb2a8221-72d4-4e94-a2cb-c70818a19375,Darrelle,Tosspell,dtosspelli7@weather.com,Polygender,248.128.4.139
50241725-352d-491a-9ded-7872c97a127f,Yurik,Raiker,yraikeri8@wordpress.com,Female,178.24.190.252
2c471826-2d8e-4246-99ea-8f138dccea68,Ansell,Rappaport,arappaporti9@boston.com,Polygender,120.155.5.204
2b96860f-d08c-4cb1-a50e-c16f53d8fc11,Wake,Upstone,wupstoneia@gravatar.com,Agender,222.28.159.34
fb6c268e-5688-445d-9b66-f1d619b46bc4,Alice,Canny,acannyib@dot.gov,Polygender,92.58.50.82
ae2ef625-b853-46c7-abee-7a6fdab01a6e,Cinnamon,Benwell,cbenwellic@aol.com,Female,41.28.213.4
ce68873f-40eb-443c-aee6-88692280a33d,Louella,De Andreis,ldeandreisid@si.edu,Male,181.186.91.57
63ba965b-e066-4010-93da-2e11e0c3ed63,Ramonda,McAlister,rmcalisterie@tripadvisor.com,Bigender,149.220.180.3
2094cfe4-31a9-4ec2-bd71-75ff6692d4a4,Gavrielle,Ryall,gryallif@earthlink.net,Polygender,104.160.170.5
df8e4ce9-5608-4bcc-a7bd-22d39418044e,Thaddus,Puckham,tpuckhamig@google.ru,Male,38.39.45.131
69fa62c5-c95d-423d-a710-b02b61d55ed7,Ebeneser,Oxtiby,eoxtibyih@psu.edu,Genderqueer,158.144.0.127
d4231ab9-c210-4e30-be65-6332ae79681b,Dari,Ingraham,dingrahamii@theglobeandmail.com,Polygender,70.194.180.19
904694ec-7c88-4858-9cc1-586af0553297,Mariellen,Halling,mhallingij@usatoday.com,Genderqueer,36.63.250.155
469d2532-278a-4dd1-80b2-3c377e415301,Cameron,Moughton,cmoughtonik@umn.edu,Genderqueer,169.23.116.114
a09ef81b-ac09-49bc-927a-a012b4b5f264,Ninnette,Scone,nsconeil@storify.com,Agender,63.122.165.251
49191c4d-2445-4ec9-8802-87570396d563,Mechelle,Newbatt,mnewbattim@yahoo.co.jp,Female,74.59.114.172
23d08cfc-bc20-4558-9386-7d01602a7f6c,Shelden,Beininck,sbeininckin@w3.org,Male,74.104.5.222
a4d39c1b-0e18-4040-8d97-636f9407d371,Olenolin,McLeish,omcleishio@gnu.org,Female,233.159.201.163
e5eae284-e2a6-4cc6-9b2c-1b8ed7c85eb7,Sileas,Guillard,sguillardip@abc.net.au,Bigender,2.153.61.189
5616b806-5ec1-4347-887f-1b34fa450ab2,Orin,Millsap,omillsapiq@fda.gov,Male,57.172.30.2
3454c493-d75e-4f21-8d9d-eb226532f02b,Regan,Dedrick,rdedrickir@java.com,Female,107.21.255.106
07c756c7-d66c-4eb5-b7d0-33eab51df897,Rubin,Taynton,rtayntonis@huffingtonpost.com,Polygender,62.110.79.131
94b41e3b-8fb2-41e2-8dfe-511540984754,Artus,Beel,abeelit@washingtonpost.com,Polygender,42.252.65.17
110bed4c-45c2-483f-99b9-f321b5a2f0c1,Orlando,Liepina,oliepinaiu@webs.com,Female,211.44.116.93
3a1b4c9a-e10e-4866-9903-0856027b1216,Bayard,Norris,bnorrisiv@japanpost.jp,Genderfluid,200.72.213.232
d279f898-a86d-4f10-bbc8-a76468cefe68,Sawyere,Baskeyfield,sbaskeyfieldiw@webeden.co.uk,Bigender,127.237.36.15
e73df8d9-dc2e-4d20-9c53-fa52f752032f,Burnaby,Simchenko,bsimchenkoix@hud.gov,Bigender,60.242.31.187
75d3b159-8888-4c77-aecb-d5a7cd885b6e,Morena,Wilsey,mwilseyiy@yolasite.com,Non-binary,111.61.133.45
6b464cde-7584-431a-bc40-cb9ac795dc78,Jason,Storrah,jstorrahiz@admin.ch,Genderqueer,108.80.175.246
287f3e06-8a84-4144-a870-787e52546403,Zackariah,Widdall,zwiddallj0@xing.com,Non-binary,206.97.33.235
7101ce63-69cf-47d7-b100-2caf4b31a8e7,Starlene,Lindbergh,slindberghj1@fda.gov,Agender,180.251.164.112
ab06dbf1-2ab3-47f6-813a-198e694fd56c,Juieta,Tidder,jtidderj2@hostgator.com,Agender,170.79.97.145
8322423d-68ef-4bac-ad36-0f8d8c9358fa,Joline,Pordal,jpordalj3@elegantthemes.com,Male,208.8.27.59
88001ffa-2e7d-459b-9cce-6cee15fdd594,Antoine,Kirby,akirbyj4@topsy.com,Male,147.255.198.18
ac5debd7-5108-48f5-93a2-6f70d59deda3,Sidoney,Witter,switterj5@merriam-webster.com,Non-binary,31.225.141.48
7bde619b-5d07-44d6-a927-58fe693ff816,Der,Penhalurick,dpenhalurickj6@dagondesign.com,Polygender,246.60.139.174
a200535e-19d4-4408-8b9b-96d1efc63229,Jena,Stancer,jstancerj7@japanpost.jp,Agender,226.180.157.66
3d48027d-b3c9-4edc-b05a-4c94128ffe45,Shani,Aldiss,saldissj8@skyrock.com,Male,247.36.92.43
265d4e74-2b6e-48f2-b37a-d333c97f1bef,Milissent,Leaf,mleafj9@about.me,Non-binary,134.60.96.253
4fe80c29-0a2e-494e-8007-a517bd9246ab,Alexei,Bayly,abaylyja@free.fr,Polygender,9.135.131.60
0127fe81-ea1c-48a9-ae4c-ec79622ee51c,Merrily,Doulton,mdoultonjb@cbc.ca,Genderfluid,115.80.215.68
6bd17e5c-75c5-4a76-9181-620f0482934a,Dacy,Burdus,dburdusjc@whitehouse.gov,Male,65.215.35.193
0246323e-faab-470d-b8d2-55f00e60e8db,Roldan,Weson,rwesonjd@tuttocitta.it,Genderfluid,249.165.223.196
7fac4835-d618-4cfb-8bff-c970916fd372,L;urette,Verissimo,lverissimoje@omniture.com,Genderfluid,207.189.55.49
9360e220-94f3-4a22-8b2e-ba3551eefc87,Konstanze,McDiarmid,kmcdiarmidjf@washingtonpost.com,Genderqueer,55.197.169.104
72b06d07-9ace-4400-9801-bf7dee8c3341,Heriberto,Domenicone,hdomeniconejg@paginegialle.it,Polygender,122.23.225.170
01c5b247-b332-4790-9e3d-af5d8b323e25,Rozanna,Pecey,rpeceyjh@123-reg.co.uk,Male,147.254.47.126
2c0519db-d419-4912-9284-4e904e79fb9c,Carmina,Smaridge,csmaridgeji@tripod.com,Polygender,12.249.19.125
5d7f81e7-0b0c-4570-b891-06c396e67e0f,Hodge,Wallbank,hwallbankjj@ow.ly,Genderfluid,255.170.139.177
d3533c15-7589-4e11-a4bc-b756744ac4e9,Anna-diana,Leall,alealljk@aboutads.info,Polygender,93.131.0.83
015eafab-f7e5-43fa-a817-e762498eac92,Row,Stagge,rstaggejl@google.ca,Bigender,83.243.138.228
781feba4-3081-4fcd-a791-38899f6ac092,Baudoin,Flement,bflementjm@reuters.com,Agender,6.235.193.52
7c900f59-ad42-4fc0-adef-534580ee66e9,Hoebart,Eads,headsjn@howstuffworks.com,Genderqueer,130.152.100.211
4fbd7c88-e9b6-45e8-bd51-3c05acf69325,Etan,Usborn,eusbornjo@symantec.com,Genderqueer,167.87.5.165
b4cd32a3-bb86-4a3d-9806-98f759e50e89,Adrea,Ciccerale,acicceralejp@businessinsider.com,Female,77.198.187.79
0d2568ba-290b-4d51-a00a-8ad29afe6f09,Jacob,Jakaway,jjakawayjq@biblegateway.com,Genderqueer,152.213.72.117
a4e1c16c-e953-4f5a-9220-4e1509150b9e,Midge,Garvagh,mgarvaghjr@typepad.com,Polygender,135.136.66.73
1134a387-afa5-4a24-9915-a405c26636e6,Tito,Neasham,tneashamjs@canalblog.com,Male,50.200.224.173
479c263c-93f5-4152-b948-458cc540fc71,Marya,Worsfold,mworsfoldjt@google.nl,Genderqueer,18.208.175.250
5f7a9824-9649-4af0-929c-0792db2ab9b7,Odelle,Butland,obutlandju@opera.com,Genderqueer,226.30.46.171
b8f15258-b0bb-4356-99e9-6a3a46c7f9c5,Merrielle,Ripper,mripperjv@google.pl,Non-binary,65.60.252.114
9f38e694-8cee-4b6e-a6f6-97c4ffd8cb0d,Ximenes,Durtnall,xdurtnalljw@yellowpages.com,Female,206.225.49.232
9d175e6d-2150-4d8b-8508-b7100cc78cbb,Culley,Perrat,cperratjx@theglobeandmail.com,Genderqueer,20.4.37.0
ef0a2767-fb06-46ad-8cdf-3493d735b02c,Maddy,Evitts,mevittsjy@ycombinator.com,Polygender,166.191.175.242
e1969b91-3949-4ac8-8ae4-71f65619d41c,Em,Klazenga,eklazengajz@sciencedaily.com,Genderqueer,139.84.31.243
4b1d52b9-b0cf-4c47-8f30-a0ce352d6490,Elmo,Sandry,esandryk0@apache.org,Male,251.157.244.237
4d6e06c7-68a4-4224-81d8-e5db62894761,Lindy,Adran,ladrank1@wp.com,Genderqueer,211.6.81.39
1fbb88a7-02fa-4598-b6b6-b2bbb78bc6c4,Britte,Bertomieu,bbertomieuk2@wunderground.com,Male,238.204.50.44
95c7c63c-ae46-4836-bd2f-14157869bf67,Caroljean,Rosin,crosink3@epa.gov,Polygender,45.29.61.163
5f7234d5-b4ca-4236-90e0-b77e040c8b79,Arlina,Wind,awindk4@reference.com,Bigender,232.42.16.188
587f88b9-32b8-4a1e-9cc2-c79f0aa4c4cc,Jemie,Boase,jboasek5@unblog.fr,Male,49.224.141.212
bddea8e0-5cd5-4889-a0e2-a655880a0b91,Denyse,Janzen,djanzenk6@xinhuanet.com,Non-binary,140.251.160.16
9e13f382-1c0a-4810-9578-51ed7552c403,Law,Abram,labramk7@google.cn,Genderqueer,225.177.135.247
4175efd3-20de-420b-b329-b165ba15305d,Alano,Cheng,achengk8@people.com.cn,Agender,43.0.84.46
503f1514-4222-4351-9147-58d40f47afec,Ariana,Slainey,aslaineyk9@boston.com,Female,78.100.3.240
dd81c4d6-3852-4394-bcb1-674a725fe9d3,Tamarra,Stephens,tstephenska@hao123.com,Non-binary,52.225.123.135
a158575e-36e4-4289-b80a-087e57845d5b,Fanni,Summerhayes,fsummerhayeskb@ft.com,Bigender,228.11.159.205
a21bc335-f16f-4945-a174-90cd9bdb1e1e,Terry,Victory,tvictorykc@ycombinator.com,Polygender,207.111.232.72
3f14ee3d-3efc-427a-bdc9-6949918c2d74,Chadd,Gerran,cgerrankd@ibm.com,Non-binary,19.18.166.141
261b1f42-ad4d-4a9e-801c-e529cdd90859,Tedda,Pedrollo,tpedrolloke@symantec.com,Non-binary,108.31.58.18
c5a3b9fb-992a-4b67-bafc-ccc3c7d3b255,Ibby,Risom,irisomkf@seattletimes.com,Bigender,54.55.220.121
d75f547e-98cd-44a8-8a45-dc17d53419dc,Verile,Gloyens,vgloyenskg@paginegialle.it,Female,12.26.140.84
97cb33b8-f9fc-459c-bcaf-e887aaf24c68,Bancroft,Thonger,bthongerkh@ucsd.edu,Agender,83.72.189.131
24fd6b41-3f08-4697-969e-dee1f00adebf,Claretta,Rashleigh,crashleighki@fastcompany.com,Male,162.33.59.230
88c73fd3-fdde-4c5b-85eb-75f405778859,Arther,Matuszkiewicz,amatuszkiewiczkj@webnode.com,Genderfluid,148.243.133.30
cbb9fe5b-a0b3-4c52-8b87-291132887d6b,Courtnay,Froud,cfroudkk@dailymail.co.uk,Agender,180.96.213.173
0d7e9b8d-a02b-472c-acec-d061ff3ce5fd,Mercy,Berge,mbergekl@hostgator.com,Agender,215.57.168.101
adc2361a-32a3-43fd-b0d2-a450c4ce5139,Laughton,Scoines,lscoineskm@newyorker.com,Male,16.165.111.130
c43b0aaa-0d21-474f-8c06-8329aa459c36,Jacklyn,Wilcher,jwilcherkn@biblegateway.com,Female,138.242.154.157
916a2fb1-dcdb-422d-a7e5-fc3404149817,Shurlocke,Rodnight,srodnightko@salon.com,Agender,85.17.19.147
99426045-b9cd-40c0-a62e-f2d59cffa755,Nedda,Hexter,nhexterkp@washington.edu,Agender,48.110.201.139
9c06c211-adeb-40e5-baeb-2400dc9842d3,Jilly,Wagerfield,jwagerfieldkq@mit.edu,Agender,66.123.147.20
0edb978d-a74c-4311-96d6-b33c8cda99d3,Kaitlynn,Brahms,kbrahmskr@rambler.ru,Male,214.140.175.168
94560b1c-b857-4d8a-a3fd-6eb02d78d8a1,Dulce,Schwandner,dschwandnerks@mozilla.org,Polygender,18.131.15.44
3bfe550d-209e-4862-b262-be43ca0c429a,Devland,Cord,dcordkt@engadget.com,Polygender,140.86.209.167
f7b2fee2-dc29-409b-8b68-68044206fa98,Aviva,Gaythor,agaythorku@arizona.edu,Genderqueer,166.198.160.93
478f344e-dac8-49e8-81d8-e7e07b2c0b53,Martyn,Ostler,mostlerkv@guardian.co.uk,Non-binary,36.222.191.175
cfe0b341-0aa3-47a2-b6ae-6159b9d0763e,Marys,Ahmed,mahmedkw@phoca.cz,Female,168.88.114.129
f6777b34-a455-42e6-9a01-4fe7dbe20b0f,Georgena,Girardin,ggirardinkx@patch.com,Agender,174.131.145.86
090e4503-469d-4dd9-989e-2310e71c2ebd,Steffane,Jarmain,sjarmainky@bloomberg.com,Female,228.144.90.253
e5354511-f45c-4279-952e-f2fe60b59e35,Selig,Apted,saptedkz@netvibes.com,Non-binary,92.165.243.184
b529b844-78d0-489d-9158-c2461b452fbf,Eziechiele,Gomery,egomeryl0@spotify.com,Non-binary,202.87.80.250
ff0b52b0-00a5-4c86-a312-1e744df37e51,Rad,Kubacek,rkubacekl1@odnoklassniki.ru,Polygender,181.166.243.111
b4523384-2752-4e36-90c3-2f0beef394fa,Vidovik,Abramowitz,vabramowitzl2@csmonitor.com,Genderqueer,153.167.162.221
1a7843a1-a3a5-47ae-9cf8-7a6923d25c09,Elsinore,Torbet,etorbetl3@addtoany.com,Genderfluid,59.136.95.139
e5cc3adc-4327-4d6d-9949-0ebb83d5c8ee,Humphrey,Selvester,hselvesterl4@yellowpages.com,Male,23.122.71.173
ba1e1bcd-3ab0-4b7e-9ae2-7cbf09c0a663,Deloria,Portam,dportaml5@blogtalkradio.com,Bigender,45.55.103.92
632c111e-5f86-4712-80e5-258992f7b7c8,Ameline,O'Hear,aohearl6@cisco.com,Non-binary,153.200.179.219
0c40204a-20f2-4472-b6c4-746eee8c7d25,Abe,Cabotto,acabottol7@godaddy.com,Genderqueer,1.37.182.159
0021ed24-0884-4a66-92a9-dd03b11b8f6b,Yehudit,Goade,ygoadel8@themeforest.net,Male,246.140.184.153
f315f454-b0ae-4b4f-86f2-293f81c174d3,Rhoda,Horsewood,rhorsewoodl9@who.int,Genderqueer,164.66.60.77
89da2ab5-87cc-4563-a5d4-1b4cddc2933a,Darice,Dart,ddartla@loc.gov,Agender,102.120.171.209
833fba34-39fc-4c3f-8faa-12c4843de203,Wallache,Ballham,wballhamlb@furl.net,Non-binary,72.148.201.152
c0e0aa48-ac1b-4f29-beaf-c6223f93ee79,Rowe,Sibthorp,rsibthorplc@addtoany.com,Polygender,237.237.105.190
774685db-e154-4527-823b-91bd742884c1,Agace,Blore,abloreld@youku.com,Polygender,68.76.69.155
61c46d3b-2301-4220-8f67-92a747244ade,Harmonia,Middell,hmiddellle@dion.ne.jp,Bigender,59.111.177.17
eb04d55e-f92c-43ba-973c-dd20f5e2b8d7,Rickey,Farrey,rfarreylf@cyberchimps.com,Male,12.173.127.102
37c1fc23-86f1-4578-9e05-2f7bce5cd6f7,Fransisco,Bayless,fbaylesslg@yahoo.co.jp,Non-binary,125.250.183.7
da83bdec-e5a7-45a8-b79b-8af8555ac90b,Tam,Gooke,tgookelh@wired.com,Bigender,170.226.135.215
6e898e5d-17ce-4da2-9d60-ed58d61e887f,Duane,Broy,dbroyli@biglobe.ne.jp,Genderfluid,238.228.216.255
7b8c0404-48f5-4744-823c-624af7b90092,Clay,McKeating,cmckeatinglj@theglobeandmail.com,Agender,8.37.96.224
baf11c16-0ad4-4d21-b646-dde9d9437cec,Rickert,Gobourn,rgobournlk@howstuffworks.com,Male,161.91.172.130
0ad39ff6-1b7c-40ff-a091-1950ab7fc87e,Fritz,Comber,fcomberll@java.com,Polygender,161.72.4.78
3c79943b-a1a9-49a6-8de2-7f445f669173,Lucine,Sebire,lsebirelm@wiley.com,Non-binary,186.105.160.175
e13966fb-fb5f-45a9-b17c-b7e2c2585b06,Delainey,Rising,drisingln@dell.com,Non-binary,236.15.227.211
c252dd5f-13b8-4e83-880b-03554c8b4e52,Konstantine,Hawke,khawkelo@bigcartel.com,Male,132.115.74.181
01851788-d4de-41d8-9928-08a445433f1e,Shea,Fawcus,sfawcuslp@devhub.com,Agender,238.248.220.224
efa76aaa-cd62-4cc6-a43f-b7932240f412,Jonathon,Tosney,jtosneylq@bbc.co.uk,Genderqueer,233.52.77.99
b3e2d6a9-8ab1-4626-8662-68d23b6ba545,Allayne,Lambregts,alambregtslr@aol.com,Male,247.62.109.126
8bd21808-4b4b-4629-a7e3-8f23cd716e7a,Marijn,Silliman,msillimanls@constantcontact.com,Agender,106.45.56.232
e2a05868-688f-45f0-97f0-fc3af77f2863,Fifine,Redler,fredlerlt@businessweek.com,Non-binary,135.94.19.127
55986fe3-6788-4b26-bd09-8e3cf5d4c95b,Jany,Yakovitch,jyakovitchlu@mit.edu,Polygender,223.0.101.128
ca9cee9e-26ed-42e6-8fab-e164e120a8fb,Theda,Fosserd,tfosserdlv@g.co,Female,83.214.224.214
a93a8aff-28b7-49eb-97cd-c1c1ac2d2fab,Olwen,Robe,orobelw@howstuffworks.com,Male,210.233.38.69
6dc315cb-2c67-452e-8f15-e070e6ee9a2e,Brynna,Shaddick,bshaddicklx@toplist.cz,Bigender,102.24.14.123
08feb2c8-ce6b-43de-9b10-e55cf29d3d5c,Tallie,Mateja,tmatejaly@whitehouse.gov,Female,176.250.15.244
a7af8560-f400-4ffc-a985-61cf2a12313e,Cathy,Kingsley,ckingsleylz@goo.gl,Polygender,65.119.228.165
e5605200-bd13-4fcf-8017-eaa428802a8b,Nicola,Carff,ncarffm0@google.com,Genderqueer,95.75.116.250
0b991708-50cf-4ff7-913f-a0e4ea306e36,Alfredo,Gullivent,agulliventm1@xrea.com,Agender,110.161.87.235
6acb9953-93ab-4dd5-863f-ebd410519ff9,Iain,Spinks,ispinksm2@blogs.com,Polygender,94.7.180.75
9c32dc1d-98ce-433f-8ebc-93f7b3d9d352,Donnie,Shead,dsheadm3@ox.ac.uk,Polygender,111.168.79.231
b9095b34-d38a-4652-bc25-2b1ad9e9999e,Veronica,Watkinson,vwatkinsonm4@nbcnews.com,Non-binary,152.212.110.87
010ef49a-c3f3-42ea-a950-2131bccba6ad,Derrik,McGeechan,dmcgeechanm5@ask.com,Non-binary,206.76.159.12
f38c51ba-a3b9-4936-b75f-6a7777be13cb,Kathryne,Phuprate,kphupratem6@hubpages.com,Female,80.207.27.212
fa54045f-8915-477c-af21-8bee2ba80316,Delano,Gamlyn,dgamlynm7@linkedin.com,Non-binary,30.16.24.111
dc8b1a91-e5e8-4ef7-bb36-b5f2e90b2098,Hettie,Divina,hdivinam8@networkadvertising.org,Agender,215.96.249.228
f0a353ad-68f4-4e85-8ced-21700b3a7224,Farris,De Normanville,fdenormanvillem9@utexas.edu,Genderfluid,184.102.121.125
e1c74d98-c687-4793-b3de-61fb181c0afa,Marcelo,Omar,momarma@examiner.com,Non-binary,128.6.31.123
0fc9fbda-ebee-4678-9e35-de25f2eddded,Trish,Bellocht,tbellochtmb@yale.edu,Genderqueer,27.138.25.73
f83f2d96-e3ba-46dd-9910-52a0a8a57b09,Dania,Lohan,dlohanmc@redcross.org,Bigender,227.226.98.200
5f90f527-7033-4ee2-b4e2-826f6510f74f,Taber,Corbishley,tcorbishleymd@eepurl.com,Female,80.220.238.241
96c5eda2-b877-47d7-92fd-56d9f735c168,Orrin,Wittrington,owittringtonme@examiner.com,Bigender,153.26.59.71
9ba4e005-c78b-4917-92c5-4239a6f89d2a,Aeriel,Spurryer,aspurryermf@mayoclinic.com,Agender,252.87.224.101
06801ae0-f32e-4834-8990-0fb589945a52,Pascal,Yearnes,pyearnesmg@loc.gov,Bigender,189.145.190.7
0438ed18-6cb1-4cc6-87cc-72515d34d1fc,Glenn,Hawthorne,ghawthornemh@bloglovin.com,Polygender,189.27.120.252
2ed091ca-5a43-45ee-be58-0c6dd1ff69a7,Arny,Sylett,asylettmi@ca.gov,Male,15.178.77.100
12dcb62f-9e7f-4504-a869-f3699a645ec1,Virginia,Kaubisch,vkaubischmj@tinypic.com,Male,156.61.24.206
c8a11072-a239-4503-9387-179e9fa2d83b,Thomasina,Donson,tdonsonmk@smugmug.com,Polygender,136.244.20.189
ea267d2d-11fa-4a48-9d80-62e957c32731,Laurianne,Scoggins,lscogginsml@thetimes.co.uk,Genderqueer,244.229.119.64
71dff67c-7c26-4da9-9b68-2b0beb0ddded,Prisca,Ruddiforth,pruddiforthmm@wikia.com,Polygender,241.151.0.30
427976da-3d60-4517-accd-f0587cb4e22c,Waneta,Dominec,wdominecmn@ow.ly,Female,199.246.172.71
aadece48-e378-447e-98a9-829c7b4bb088,Rooney,Challinor,rchallinormo@scientificamerican.com,Male,129.96.10.254
7797d2fc-33de-4ec9-a86f-3e1e9cef36d0,Laurie,Jesse,ljessemp@last.fm,Genderqueer,178.35.147.41
dec7586a-90ef-4991-ac6a-1ffe503883bd,Herminia,Lethby,hlethbymq@4shared.com,Female,169.112.53.237
77bba74f-4a92-4737-8d03-29180f6fe049,Jasen,Ovid,jovidmr@nymag.com,Female,239.214.188.210
13d2a70c-3592-4e8c-8191-4e98dba3f722,Garth,Ashlee,gashleems@livejournal.com,Bigender,16.208.202.217
30097a9b-93e7-49c6-8504-54b1026fcd42,Kylen,Sollam,ksollammt@blinklist.com,Agender,41.2.5.227
11906ebb-8fd7-4567-99f6-c7c4c1a71ee0,Pembroke,Rollings,prollingsmu@people.com.cn,Female,254.127.92.134
9162554f-30e9-4635-bbf3-8515b41fdb45,Carmine,Sokell,csokellmv@lulu.com,Bigender,145.170.32.242
ba4f9c46-7b69-4461-9966-c4e9bdcdd850,Hughie,Spedroni,hspedronimw@youtube.com,Polygender,205.56.28.121
33e4454e-d500-4a3d-bc6d-84f0c5fd1a7d,Bonny,Cavan,bcavanmx@about.me,Polygender,185.4.145.61
1f54fccf-cf7f-4254-b872-09bfc42a77a0,Jacquette,Blaymires,jblaymiresmy@wikia.com,Agender,73.154.225.247
20d8e498-cd1b-4306-bd1d-63ed0ca13a39,Merrill,Murrigans,mmurrigansmz@berkeley.edu,Female,43.198.151.91
90f66107-bd85-40cb-9539-27af109f1e47,Ned,Eyrl,neyrln0@surveymonkey.com,Bigender,182.239.60.182
2aeffc8d-ed01-4020-9993-ab98799d3cec,Constantino,Hoyles,choylesn1@ibm.com,Polygender,53.153.26.182
9a45aff5-5841-4a91-a594-4b27eb6ab98a,Lorrie,Kinlock,lkinlockn2@irs.gov,Genderfluid,84.179.111.142
5a02d576-69e8-48d0-a6aa-19a9ad023bb8,Terrance,Aumerle,taumerlen3@ycombinator.com,Non-binary,129.235.225.97
ba6d95d0-83ba-4eb6-a47c-336da511839a,Norean,Gooden,ngoodenn4@yellowbook.com,Bigender,131.110.6.171
3cc37ec3-2c15-4d77-a575-a3c193bcc1b1,Nikki,Altamirano,naltamiranon5@youku.com,Male,228.127.70.11
11287dd3-ae35-4e6c-b713-5aa91a850b7f,Hamid,Gofforth,hgofforthn6@nih.gov,Bigender,118.194.231.246
eb4961d0-75d4-45b4-897a-0398c5cd55ec,Brandyn,Lockey,blockeyn7@clickbank.net,Agender,175.132.53.56
29f9a14a-4311-4ef3-bd3f-0445b73a75f4,Odetta,Baudassi,obaudassin8@blog.com,Genderfluid,224.160.84.57
e34f36ef-2a25-4750-83da-3aebb3a843f8,Borden,Ethridge,bethridgen9@people.com.cn,Genderqueer,141.148.134.145
c8bf1fd8-e7a1-45f3-b9a8-39db15df16b1,Nalani,Lorinez,nlorinezna@google.fr,Polygender,2.205.227.115
918bfebc-6926-4eac-97a6-0687be8cfc9f,Winny,Lamming,wlammingnb@skyrock.com,Genderfluid,221.59.191.69
bf82ce79-f9a5-4bb8-aea5-0a545f324d75,Gabriel,Brounfield,gbrounfieldnc@ucla.edu,Genderqueer,202.58.195.99
f8c55ab2-53f8-4f5d-98cb-17e9093a11ce,Tomi,Bresnen,tbresnennd@homestead.com,Genderfluid,221.42.132.71
fe68a80f-5dd2-496b-ab2b-c2d968b44742,Cchaddie,Mucillo,cmucillone@phpbb.com,Polygender,156.205.240.19
dd966e94-794e-42c2-aa5d-7d7b3bc1b98e,Marrilee,Eastwood,meastwoodnf@slashdot.org,Male,149.246.8.182
53dcd6f3-3bcc-4aea-a33c-68eacd819ff0,Pavla,Scorton,pscortonng@joomla.org,Polygender,62.3.51.16
5a7df15f-36c3-4893-b60e-63fb17ec3581,Norean,Kurt,nkurtnh@smh.com.au,Non-binary,223.126.55.174
d6ae51fb-9cf1-4b49-b7ec-3562ee4f81a3,Kassia,Spelsbury,kspelsburyni@lycos.com,Male,126.42.47.210
1ebc0a87-c159-435f-8aa5-eff3f8c5f274,Ruy,Erik,reriknj@eventbrite.com,Male,174.54.219.130
d6d90ee7-84bd-4f92-b1ca-73178c020491,Lula,O'Hickey,lohickeynk@cbslocal.com,Genderqueer,94.151.229.57
87442eb0-1b90-4de5-8cef-3a84510b6bc0,Patrizia,Reignould,preignouldnl@mysql.com,Female,138.77.122.233
f16e0ced-e5e6-404e-8560-a4bcb3a24de9,Cleveland,Bletsoe,cbletsoenm@issuu.com,Agender,238.0.75.248
7a0bd049-1655-467d-8b76-3718c4560918,Sher,Stit,sstitnn@salon.com,Bigender,78.239.127.208
4ab37a42-f505-403a-97b1-9c65a5ccb69b,Ulysses,Kidman,ukidmanno@parallels.com,Female,59.9.213.244
148d07d4-c2a3-4e91-8189-13f7021394cf,Aggie,Arson,aarsonnp@msn.com,Male,81.77.57.68
44fc98e8-677f-433d-a5b1-23f2b36288a3,Kathleen,Gadie,kgadienq@google.co.uk,Non-binary,35.182.2.64
2312d90b-ffd6-44e7-859c-e377f2b0cb1d,Lori,Merveille,lmerveillenr@google.es,Female,216.195.88.251
d92dab5a-f045-466a-ba98-7815255059ea,Glynn,Aulton,gaultonns@blogs.com,Non-binary,134.212.75.193
35ecd17c-e6c4-40e1-92fb-3da5b7ca7e77,Marcy,Baselio,mbaseliont@bbb.org,Female,104.186.1.150
19f9400e-da3e-4fbf-a64f-203e62ac0e55,Sandor,Keely,skeelynu@studiopress.com,Genderfluid,242.92.195.76
6e7f3288-97d1-4a31-a44b-a5f9b188a6c3,Devan,Langfat,dlangfatnv@slideshare.net,Bigender,232.15.57.127
03852b80-1a7e-47e8-96c1-cb99f795428c,Miguel,Atheis,matheisnw@nsw.gov.au,Bigender,38.66.203.157
c2b295be-df04-427b-83d4-04dbd9cb1da5,Shoshana,Barensky,sbarenskynx@jalbum.net,Agender,204.166.213.109
d80f45fa-4a13-4cc6-828c-fa5e6f2207f8,Andres,Heathorn,aheathornny@auda.org.au,Polygender,31.176.161.224
f54d4494-38e9-4c19-820b-2f228d848ed5,Fredrick,Pennigar,fpennigarnz@oaic.gov.au,Genderqueer,64.220.20.208
b806261f-089b-453e-a2b7-80ed196587cc,Brnaby,Japp,bjappo0@so-net.ne.jp,Polygender,131.233.76.81
1d55d29b-9fff-4a1d-8416-d21a89d4dde5,Godwin,Liebmann,gliebmanno1@vistaprint.com,Polygender,157.225.127.214
08f0ce5a-9b47-4256-a87a-992390194681,Geneva,Whoston,gwhostono2@webmd.com,Bigender,1.111.204.63
8410137f-212d-4530-93e3-2e4a8708a79f,Edmon,Prettyman,eprettymano3@businesswire.com,Male,247.56.92.11
1f2a1dbc-504b-45fe-843b-1dc81ae8925b,Jacqui,Rraundl,jrraundlo4@moonfruit.com,Polygender,185.84.192.83
a4917ffb-aeb6-491d-9b55-be2f8e0a6495,Maribelle,Brittles,mbrittleso5@weather.com,Male,225.228.57.175
c85fdc7d-ff8d-4ccc-afdd-a9144f0dff1c,Hermie,Maliphant,hmaliphanto6@de.vu,Non-binary,63.32.187.227
60eac217-5630-4118-8b46-f6a58fbeca4d,Mill,Benwell,mbenwello7@comcast.net,Female,74.238.195.57
21768a48-b69e-41ff-82fa-5b17f3175ee5,Violetta,Oulett,vouletto8@gov.uk,Genderqueer,83.223.161.62
4111fa8e-48f2-4a69-bb96-f82843831b5b,Vanya,Christofle,vchristofleo9@dailymotion.com,Genderqueer,12.178.71.23
1a9919a3-54c6-4444-a7f2-5e2c3b48e9f2,Vicky,Ellul,velluloa@studiopress.com,Non-binary,124.10.93.227
eeeb40f5-7f4e-44b2-ae46-89de289660ca,Tuck,McGrann,tmcgrannob@php.net,Genderfluid,103.246.75.31
bd5cfd50-d5b5-4afa-9a13-d3681d86b35e,Gillian,Velde,gveldeoc@tmall.com,Non-binary,225.50.78.7
14101ab2-96e6-4b38-aafb-3d9d49ce1b5c,Joellen,Bendan,jbendanod@biblegateway.com,Polygender,164.127.98.59
ec5e7f91-5845-4654-8720-7484eb105ccc,Zacharie,Grigson,zgrigsonoe@edublogs.org,Female,152.6.65.184
17eb7774-f21c-4f57-98d0-3ed6631e6c8e,Rafaelia,Woodcraft,rwoodcraftof@ucsd.edu,Agender,238.241.6.194
3a1a834c-58a5-43ad-8094-1cb0efcb7516,Otha,Rives,orivesog@issuu.com,Female,105.1.54.168
164a1899-ab25-4433-82d8-3b6cf41d0910,Woodrow,Okeshott,wokeshottoh@dot.gov,Polygender,68.247.46.218
503347ad-b4c7-46f2-8dc1-da84fb4350bd,Lorilee,Britney,lbritneyoi@noaa.gov,Polygender,215.254.114.176
0e2d015a-fee8-4d98-bdee-a064781d0648,Terrence,Curson,tcursonoj@hexun.com,Female,100.56.64.227
84537cbb-210a-44e2-b98a-742748f6036b,Percy,Leathe,pleatheok@lycos.com,Polygender,37.4.33.96
8289bcf2-21fb-417b-8f5a-46bd267e531a,Carmon,Minnock,cminnockol@archive.org,Agender,11.2.216.78
fa7860a6-4f92-4109-a2ca-abca5efb1428,Alexis,Rosenstiel,arosenstielom@rakuten.co.jp,Polygender,39.248.9.26
75d4b717-1ac5-4e7e-8e6e-8f36ed9e0d8e,Edouard,Waadenburg,ewaadenburgon@miibeian.gov.cn,Agender,197.152.219.188
68638e23-7cb9-4692-a92a-24305fc0bf2f,Charmion,Siddens,csiddensoo@berkeley.edu,Female,1.84.149.162
2d727079-6fec-457d-8349-bf291c206800,Otis,Broun,obrounop@tmall.com,Genderqueer,132.132.155.114
feda4809-3a75-4247-bd9f-677f7ee017bc,Janela,Josovich,jjosovichoq@wp.com,Genderfluid,123.87.182.67
92e1fc76-d877-4c67-8676-063c84b11d8a,Sidney,Blatchford,sblatchfordor@un.org,Female,156.213.82.134
9d9927c5-9964-4a24-9f44-c2665d0db208,Leland,Mathely,lmathelyos@arizona.edu,Genderfluid,96.167.97.10
a64ba7ee-29b2-4aa1-943b-273c2daf481d,Stephie,MacAiline,smacailineot@tripadvisor.com,Polygender,100.39.94.12
d2bb9938-e673-42bb-bdfd-1b02d2a66575,Augie,MacAnespie,amacanespieou@artisteer.com,Non-binary,110.98.166.188
b6fafb87-7d00-4884-805b-d0c4a584b6aa,Reade,Pettyfar,rpettyfarov@si.edu,Genderqueer,159.145.97.30
8d092c08-19af-4161-b653-b263822eb1a3,Peyton,Worssam,pworssamow@sourceforge.net,Bigender,39.93.165.177
51175c63-ddbb-4251-8af4-55a11958c2c9,Sibel,Alvin,salvinox@timesonline.co.uk,Polygender,207.70.225.161
9504bf3c-118e-42d0-91f4-1e18fb6e23df,Guinna,Kingsley,gkingsleyoy@networksolutions.com,Non-binary,24.99.191.142
711aa763-4ce0-461b-a528-0cd5458a72cb,Emelda,De Haven,edehavenoz@ycombinator.com,Bigender,188.131.153.183
198eb39b-b7da-403c-9b3a-8c2abf6b5b89,Fritz,Grimolbie,fgrimolbiep0@cbsnews.com,Genderqueer,140.76.241.241
208ec6ba-5267-49b0-b69f-7086e7ff6178,Nike,Reavell,nreavellp1@uiuc.edu,Polygender,211.42.171.178
890840c7-b4cb-44cf-9cfc-91fc8fb45e4b,Ansell,Kinder,akinderp2@dedecms.com,Male,76.247.254.39
9f63b494-606a-4cb1-a053-736b8fdb6261,Paolina,Gobell,pgobellp3@shareasale.com,Polygender,75.231.113.100
7de3bd67-08c6-4ca5-9302-74a1a2a9b013,Kyle,Nitto,knittop4@google.com.br,Female,214.75.148.179
315fcc8b-a1d5-4dca-b890-ff02aef4237c,Amy,McGonagle,amcgonaglep5@clickbank.net,Male,236.38.160.219
54227089-73d5-4bb4-b993-eff9717f8214,Rod,Avesque,ravesquep6@tinyurl.com,Female,169.249.31.165
4e03222e-bebb-46cd-aea3-2501bb8a8685,Minda,Regina,mreginap7@t-online.de,Genderqueer,224.74.126.206
94fe415d-683a-4316-89ea-346d622cad8f,Anthea,Serman,asermanp8@ox.ac.uk,Non-binary,215.76.10.172
913b69ea-4166-4fdf-93ff-6f5192e9f356,Vaclav,Laden,vladenp9@hibu.com,Bigender,32.213.240.138
7c3ebddc-ed4e-4e83-89bc-6da94028a8c6,Jourdain,Couvet,jcouvetpa@desdev.cn,Non-binary,73.113.43.25
af439e99-9f8f-42b8-8217-fe7780099640,Ange,Snap,asnappb@ycombinator.com,Bigender,81.51.53.157
61cbf110-c1b2-4fb9-9c19-202818580e40,Mignon,Raimbauld,mraimbauldpc@state.gov,Genderfluid,226.195.54.13
8aff9b41-b722-4585-b074-a989e9d79cf0,Timothee,Spence,tspencepd@blinklist.com,Male,216.166.132.216
e0e732f1-f923-4183-acbc-13d601bb546e,Cindee,Rihosek,crihosekpe@pen.io,Non-binary,211.163.99.235
a0f4efab-508a-4cca-8e7b-e6f32d08800d,Fleming,Swigg,fswiggpf@behance.net,Agender,73.46.49.176
fa91bb18-2eca-427b-a2cf-a08bcd5a4a32,Marysa,Mendonca,mmendoncapg@huffingtonpost.com,Polygender,24.241.141.141
35b81d27-8933-4579-b651-014cc1b41b38,Arlen,Godthaab,agodthaabph@forbes.com,Genderfluid,36.200.41.73
e92b211d-927e-4d8e-99b5-5ddd1923eb24,Bartel,Fermin,bferminpi@hugedomains.com,Male,166.210.8.175
025302e5-72f4-40bd-a175-d26b07be2fe5,Audrey,Grimme,agrimmepj@theglobeandmail.com,Genderfluid,144.33.248.102
c1e23468-cb7f-42ea-8060-283ad6f5b3ae,Mathilda,Lantuff,mlantuffpk@kickstarter.com,Agender,192.110.4.156
3188f7f6-b6a8-4445-a652-98f2d7756910,Layney,Lujan,llujanpl@privacy.gov.au,Bigender,1.174.167.117
4c5c21fc-e765-4ef1-9686-13e0b9d35791,Annetta,Huikerby,ahuikerbypm@un.org,Non-binary,186.246.39.37
e8107aef-cce9-45c6-b0a5-5f3d648841b6,Marie,Petrecz,mpetreczpn@blogtalkradio.com,Non-binary,112.52.180.234
e3b51114-12e4-4397-8f2a-26c6e4eb07f1,Hilliary,Likely,hlikelypo@timesonline.co.uk,Agender,135.221.252.170
3db909f1-0f7a-422f-b67a-8a3ad0954c6a,Betta,Rijkeseis,brijkeseispp@prlog.org,Bigender,199.142.189.41
a4772586-85f3-46b4-b12e-a0dde9cd53f9,Avie,Wandrich,awandrichpq@shop-pro.jp,Genderfluid,81.70.46.215
43009c4a-e28f-428c-a994-9b308476f22f,Tedmund,Grisewood,tgrisewoodpr@drupal.org,Non-binary,233.41.204.12
69f28476-c4c2-40c0-b1dc-9acb6cf69ac9,Klement,Styant,kstyantps@squidoo.com,Polygender,3.160.66.184
17a76dfd-352b-4ac0-bb27-0fc4847ff227,Chrysler,Snasel,csnaselpt@google.com.br,Genderfluid,126.16.94.243
bacd2741-be57-4d91-8330-d8e775adc645,Fitz,Hardingham,fhardinghampu@aol.com,Bigender,41.82.201.251
ab2be392-b460-4495-bd14-80172b83c9e5,Tessi,St. Aubyn,tstaubynpv@globo.com,Male,44.174.240.114
ed364b92-56ff-48bc-b3d2-0aba1c675ff1,Rosita,Griston,rgristonpw@github.com,Male,135.247.80.125
f6cc27a3-b2f9-4023-9640-501ac407fe45,Ivan,Brigman,ibrigmanpx@devhub.com,Female,109.29.251.127
cb189538-b1f9-4cce-a165-50130864feab,Zacharie,Braune,zbraunepy@opensource.org,Bigender,202.97.68.147
8f3c37a9-b421-491a-b411-de4e8c703dba,Matilda,Corsan,mcorsanpz@usnews.com,Bigender,51.221.132.246
2674d628-da2f-4d28-9fb3-f8cb06a20ba9,Sondra,Hacquoil,shacquoilq0@census.gov,Female,31.243.225.249
caa0cca4-faa9-4fbd-8e6f-7f577af717d9,Humberto,Riddlesden,hriddlesdenq1@xrea.com,Genderqueer,183.71.171.245
4b4e9b02-3119-46dc-845b-918e58a6f096,Prue,Blackston,pblackstonq2@alibaba.com,Female,239.140.66.220
f645df4b-0c43-4d27-8c0b-87ff849f4db1,Bradney,Clilverd,bclilverdq3@jugem.jp,Female,207.142.174.168
acc27791-711d-49d0-818a-afd3139c8368,Dre,Ecclestone,decclestoneq4@godaddy.com,Male,68.76.231.159
5da7421e-4692-47a0-8457-88dcbf8d4234,Nevile,Skipworth,nskipworthq5@apache.org,Bigender,163.18.81.77
fd876591-838c-4491-af7b-525262c7b8ef,Fenelia,Cast,fcastq6@howstuffworks.com,Polygender,52.235.253.100
bdc9daf3-b01c-444f-b908-bceb66478ded,Ashly,Olenchikov,aolenchikovq7@comsenz.com,Agender,55.112.239.105
79e590bb-03b2-404c-9254-80395ea37d2c,Nanon,Andreev,nandreevq8@histats.com,Male,99.254.245.142
4fcb5c17-a623-4fe6-8a1b-4c31d4420444,Nelli,Artiss,nartissq9@cargocollective.com,Genderqueer,88.171.129.16
0c6b18d1-f4b3-4243-84ca-301ef3559e7a,Otho,Goodlake,ogoodlakeqa@washingtonpost.com,Bigender,123.105.22.44
4b97709b-0597-4f88-bd28-5b16fbe8c29f,Garold,Ness,gnessqb@tinypic.com,Non-binary,159.37.101.45
46cd4177-bc9a-40aa-9d90-33dc3c5c460b,Lesya,Storrock,lstorrockqc@abc.net.au,Female,84.175.16.26
9ef8e7ef-8c52-4c9b-b39a-56f1868bba0f,Gerrilee,Jirka,gjirkaqd@github.io,Bigender,33.169.64.174
eb5a0e5c-079e-4032-91ec-7f0abfb09e32,Lani,Milksop,lmilksopqe@blinklist.com,Non-binary,130.33.212.49
8b5e2c16-66e7-4824-892a-607115c749e0,Janel,Brideoke,jbrideokeqf@bloglovin.com,Polygender,7.3.211.129
ba9d6b8a-a959-4745-86f2-a81f3d24730e,Jojo,Richardsson,jrichardssonqg@360.cn,Genderqueer,200.123.5.179
a5f30b8a-00ac-4f15-8a00-81891d880c51,Kiersten,Tansley,ktansleyqh@ameblo.jp,Female,37.60.12.177
5fd72ca9-2404-4c58-9712-b033e5fd9db4,Toddie,Aldersley,taldersleyqi@arstechnica.com,Agender,241.199.18.201
d0c7f3fd-685a-4f33-8008-698faf3c90ef,Abagail,Batchelar,abatchelarqj@cocolog-nifty.com,Genderqueer,247.196.178.38
f5d22f85-648c-48e1-98fc-ee3f765cb8d4,Julianne,Gisbye,jgisbyeqk@alibaba.com,Genderfluid,178.250.165.231
f506ac0f-d67f-469b-bc39-026ca955235f,Temple,Verrell,tverrellql@myspace.com,Genderqueer,0.14.9.171
3c2ff3a2-78db-4a74-976d-03130c161519,Alwin,Howroyd,ahowroydqm@drupal.org,Bigender,159.105.245.25
534ccb00-f09c-463d-bacd-de5863ef2308,Myron,Whear,mwhearqn@shareasale.com,Agender,218.37.198.143
19ff66c5-e496-4dc3-b3f3-701e2edaf630,Thomas,Grocutt,tgrocuttqo@bloomberg.com,Non-binary,27.107.175.69
c111d7dc-df1f-4f2f-99ee-b07e8775213c,Iolande,Lawrenz,ilawrenzqp@nifty.com,Female,19.5.48.54
fce7f416-8431-490f-ae4c-bc0f639b37e9,Demetris,Blundan,dblundanqq@pinterest.com,Male,72.108.33.223
bc759f98-8493-4453-9167-66863c7042d9,Nefen,De Michele,ndemicheleqr@yellowpages.com,Male,25.167.26.96
08ed1a7d-158e-446a-bbd5-6f8bf6e52947,Maxy,Rubinek,mrubinekqs@goo.gl,Genderfluid,187.152.228.211
449947bc-917d-423e-9f61-ec4ddc65e5a2,Aleta,Casina,acasinaqt@state.gov,Bigender,16.254.68.40
79676d8a-8207-4053-b0a7-b8dd98e870ee,Sharline,Aloshechkin,saloshechkinqu@w3.org,Genderqueer,241.204.47.80
4e032929-e6ac-4759-a6db-6ca292d4275c,Reinaldo,Towner,rtownerqv@mac.com,Female,51.205.224.249
e06ac2c3-4aed-4d80-8211-f41563758484,Skipp,Maude,smaudeqw@flavors.me,Genderfluid,203.16.136.102
ab6ffb05-211a-4ef6-8f6d-a5a209433e51,Raff,Lehrmann,rlehrmannqx@theglobeandmail.com,Polygender,225.171.230.213
152a4b33-d85f-4cc9-8177-5e6296fa7477,Hadlee,Baytrop,hbaytropqy@ox.ac.uk,Non-binary,52.17.157.34
8142535a-6d18-486f-971c-ceced5f75889,Kaila,Stroton,kstrotonqz@elegantthemes.com,Genderfluid,239.3.232.123
5e9debeb-4079-4699-a868-6bcf720eb0aa,Bud,Hedingham,bhedinghamr0@github.io,Bigender,123.224.206.165
dfd5521e-8270-41a7-8eda-caa30e665265,Jeannine,Stolze,jstolzer1@alibaba.com,Bigender,22.219.20.79
d83bce7a-6238-4b86-bf51-f66f16ad66a8,Gizela,Rivard,grivardr2@scientificamerican.com,Genderqueer,172.9.35.202
9058fda0-ec09-4d29-b598-63fa410f3344,Rosemonde,Du Fray,rdufrayr3@washingtonpost.com,Male,213.141.198.72
fb93e730-8011-4ce7-b29d-922496dd33d2,Timmy,Melville,tmelviller4@ow.ly,Polygender,69.89.23.54
98423d9e-6883-418a-bcad-68e255a1b28b,Emyle,Zellmer,ezellmerr5@baidu.com,Male,87.52.177.100
92ab27ef-91df-4f85-800b-38715617f587,Amby,Chavey,achaveyr6@miitbeian.gov.cn,Bigender,255.183.208.192
0763d98b-c693-46cd-bcf9-12caceef793a,Shepherd,Barwis,sbarwisr7@google.co.uk,Agender,198.26.170.254
2219f82f-2d6d-4416-9491-8ea06b66345b,Emmett,Fronczak,efronczakr8@seesaa.net,Female,71.43.119.183
6d44cd9b-9052-41a3-9d4e-84ada99e6677,Giselbert,Kebell,gkebellr9@yahoo.co.jp,Genderqueer,187.193.62.98
7c236ad9-b246-4c80-8725-7ea03892655f,Star,Trusse,strussera@cbslocal.com,Male,205.179.174.152
61a13e5f-7b03-4782-a2d4-fa3c7ef1ef06,Rosette,Beggio,rbeggiorb@technorati.com,Agender,124.231.25.164
456f0bcf-1b4d-476e-848d-a07617517638,North,Friel,nfrielrc@ask.com,Agender,142.140.240.123
28831685-2c0a-4659-98d8-50833927f266,Carlin,Nicholls,cnichollsrd@ucsd.edu,Non-binary,50.213.72.47
04890d0d-1177-46de-9386-ba0cc157b738,Jan,Lankham,jlankhamre@disqus.com,Genderfluid,92.236.188.22
2bfbe77e-967b-4d5b-bc02-8c13c0f23dc4,Mandel,Paoletto,mpaolettorf@google.nl,Male,57.106.176.47
f8e280db-d192-4cd0-970e-838f434b0518,Vanessa,Huggens,vhuggensrg@google.co.uk,Genderqueer,124.77.202.198
9fd88061-73c1-406b-b165-7c7d2fc75a83,Moselle,Gogarty,mgogartyrh@google.ru,Bigender,203.77.65.152
0f227dfd-a585-4a93-94fb-c54fb698e801,Torrence,Saunt,tsauntri@istockphoto.com,Bigender,99.78.148.107
ad4a688b-6554-41a1-a858-d591a6e70ab9,Patrizius,Magee,pmageerj@walmart.com,Genderqueer,204.46.168.59
4f4cbf55-3b46-4a08-ac9e-abd5cf20e698,Estrella,Bradshaw,ebradshawrk@princeton.edu,Non-binary,15.142.171.118
942b663b-cc2f-4487-91ec-addcf986503a,Bourke,McAnulty,bmcanultyrl@irs.gov,Bigender,227.167.192.130
547288d7-1439-40cb-bfe8-8b0636387c7b,Silvain,Ferrandez,sferrandezrm@posterous.com,Polygender,161.78.96.208
2d971a8e-7860-4472-8c58-d461bbfe3e23,Quentin,Keysall,qkeysallrn@army.mil,Non-binary,180.36.223.10
9cb31774-ca42-40ab-bc0d-c5ba0802ae4c,Shara,Bradock,sbradockro@constantcontact.com,Bigender,126.255.199.198
bbeb9d32-13f0-4b67-b059-8225b564958e,Odelle,Kubes,okubesrp@reuters.com,Bigender,50.244.231.18
4d1926ff-2f8c-485a-9d0b-3c2fb0aed63e,Conrade,Linguard,clinguardrq@lulu.com,Polygender,74.218.64.103
7655862a-9f1b-49c3-ad0d-427d2a763f0f,Carey,Sahnow,csahnowrr@com.com,Genderqueer,162.150.124.164
